comparison,pathway,NES,padj,pval,leadingEdge_signal,mlog10padj,mlog10pval
0,2018_IMMUNITY_Wang---D8TE_vs_D5KLRG1lo_up,1.931220630840929,7.534300896185265e-4,1.1415525114155251e-4,28,3.1229570394362516,3.9425041061680806
0,2018_IMMUNITY_Wang---D8MP_vs_D5KLRG1lo_up,1.9377369494122982,7.534300896185265e-4,1.1482374555057986e-4,27,3.1229570394362516,3.9399682905513362
0,2018_IMMUNITY_Wang---D8TE_vs_D5KLRG1hi_up,1.9097961826301104,7.534300896185265e-4,1.1896264572924102e-4,31,3.1229570394362516,3.9245893856694183
0,2018_IMMUNITY_Wang---D8EE_vs_D5KLRG1lo_dn,-2.4500651186287827,7.879893828798938e-4,3.1756113051762465e-4,56,3.1034796340177278,3.498172660636544
0,2018_IMMUNITY_Wang---D8EE_vs_D5KLRG1hi_dn,-2.5576644942632702,7.879893828798938e-4,3.1887755102040814e-4,61,3.1034796340177278,3.496376054012401
0,2018_IMMUNITY_Wang---D8TE_vs_D5KLRG1hi_dn,-2.7744529476515782,7.879893828798938e-4,3.727171077152441e-4,61,3.1034796340177278,3.428620672671939
0,2016_SCIENCE_Mackay---TEM_vs_TCM-TRM,1.7271011129569953,7.879893828798938e-4,3.8333759263991824e-4,25,3.1034796340177278,3.4164185888449987
0,2018_IMMUNITY_Wang---D8MP_vs_D5KLRG1hi_dn,-3.150935088201762,7.879893828798938e-4,4.1631973355537054e-4,70,3.1034796340177278,3.3805730030668872
0,2018_IMMUNITY_Wang---D8TE_vs_D5KLRG1lo_dn,-2.7731950918072417,7.879893828798938e-4,4.2625745950554135e-4,52,3.1034796340177278,3.3703280077795106
0,2018_IMMUNITY_Wang---D8MP_vs_D5KLRG1lo_dn,-3.0651357973262994,7.879893828798938e-4,4.4742729306487697e-4,55,3.1034796340177278,3.3492775274679554
0,2016_SCIENCE_Mackay---TCM_vs_TEM-TRM,-2.110730740645432,7.879893828798938e-4,4.562043795620438e-4,43,3.1034796340177278,3.3408405498123317
0,2018_IMMUNITY_Wang---D5KLRG1lo_vs_Naive_up,-1.6560032823940531,8.771929824561404e-4,5.54016620498615e-4,32,3.0569048513364727,3.256477206241677
0,2018_IMMUNITY_Wang---D8MP_vs_D5KLRG1hi_up,1.58531758749188,0.0011943461628262,8.17184216670558e-4,29,2.9228697814003017,3.0876800300462937
0,2018_IMMUNITY_Wang---D5KLRG1hi_vs_Naive_dn,-2.4533426704467725,0.0016796322489391797,0.0012376237623762376,49,2.7747857954999953,2.907411360774586
0,2018_IMMUNITY_Wang---D5KLRG1lo_vs_Naive_dn,-2.244764799101945,0.0018572825024437928,0.001466275659824047,50,2.7311220327593313,2.833784374656479
0,2018_IMMUNITY_Wang---D8EE_vs_D5KLRG1hi_up,1.5319939762280455,0.0028487465515173323,0.0023989444644356484,23,2.5453461875361487,2.619979805833053
0,2018_IMMUNITY_Wang---D8EE_vs_D5KLRG1lo_up,1.455830053848645,0.004720655385441848,0.004223744292237443,15,2.325997702526531,2.3743023821010856
0,2016_SCIENCE_Mackay---TRM_vs_TCM-TEM,-1.368898025464077,0.006556245686680469,0.006211180124223602,24,2.1833447801823267,2.2068258760318495
0,2018_IMMUNITY_Wang---D5KLRG1hi_vs_Naive_up,1.3010837689966506,0.066782738465365,0.066782738465365,22,1.1753357764165298,1.1753357764165298
1,2016_SCIENCE_Mackay---TRM_vs_TCM-TEM,1.4894841684822162,3.9897526353366086e-4,9.999000099990002e-5,21,3.39905402973645,4.000043427276863
1,2018_IMMUNITY_Wang---D5KLRG1lo_vs_Naive_up,2.0548472937918425,3.9897526353366086e-4,1.0368066355624676e-4,40,3.39905402973645,3.9843022319799033
1,2018_IMMUNITY_Wang---D5KLRG1hi_vs_Naive_up,2.07512525493371,3.9897526353366086e-4,1.0484378276368212e-4,42,3.39905402973645,3.979457318097848
1,2018_IMMUNITY_Wang---D8MP_vs_D5KLRG1lo_dn,2.150408670003481,3.9897526353366086e-4,1.0911074740861975e-4,41,3.39905402973645,3.9621324692982354
1,2018_IMMUNITY_Wang---D8MP_vs_D5KLRG1hi_dn,2.216072910182562,3.9897526353366086e-4,1.1159468809284678e-4,52,3.39905402973645,3.9523564773237907
1,2018_IMMUNITY_Wang---D8EE_vs_D5KLRG1hi_dn,1.9090899187437196,3.9897526353366086e-4,1.2599218848431397e-4,30,3.39905402973645,3.8996563803056357
1,2018_IMMUNITY_Wang---D8TE_vs_D5KLRG1hi_dn,1.768987212718016,6.30862455383083e-4,2.3242300987797793e-4,24,3.200065318061026,3.633720878999598
1,2016_SCIENCE_Mackay---TCM_vs_TEM-TRM,-2.5903689867926767,0.0035029498525073746,0.0014749262536873156,46,2.455566079906178,2.8312296938670634
1,2018_IMMUNITY_Wang---D8EE_vs_D5KLRG1hi_up,-1.6255286479198456,0.006089743589743589,0.002967359050445104,34,2.215400993065614,2.5276299008713385
1,2018_IMMUNITY_Wang---D8TE_vs_D5KLRG1hi_up,-1.5355512248192726,0.006089743589743589,0.003205128205128205,27,2.215400993065614,2.494154594018443
1,2018_IMMUNITY_Wang---D8MP_vs_D5KLRG1hi_up,-1.9781296809543938,0.008723599632690543,0.005050505050505051,35,2.059304274466927,2.296665190261531
1,2018_IMMUNITY_Wang---D8MP_vs_D5KLRG1lo_up,-1.777196504667812,0.01208651399491094,0.007633587786259542,33,1.9176989407505602,2.1172712956557644
1,2018_IMMUNITY_Wang---D8EE_vs_D5KLRG1lo_up,-1.634289790654757,0.013167013167013165,0.009009009009009009,32,1.8805127301406652,2.0453229787866576
1,2016_SCIENCE_Mackay---TEM_vs_TCM-TRM,1.4397041042432324,0.03485110056107035,0.0256797583081571,26,1.457783502786835,1.590409068061426
1,2018_IMMUNITY_Wang---D8EE_vs_D5KLRG1lo_dn,1.5323436731687117,0.03979393632294569,0.03141626551811502,22,1.4001830993361326,1.5028454412332803
1,2018_IMMUNITY_Wang---D5KLRG1hi_vs_Naive_dn,-2.1580253819450155,0.04567307692307693,0.038461538461538464,45,1.3403397296739137,1.414973347970818
1,2018_IMMUNITY_Wang---D8TE_vs_D5KLRG1lo_up,-1.2035464796412452,0.06597222222222222,0.0594059405940594,27,1.180638886806402,1.226170123398999
1,2018_IMMUNITY_Wang---D5KLRG1lo_vs_Naive_dn,-2.059503683134115,0.06597222222222222,0.0625,43,1.180638886806402,1.2041199826559248
1,2018_IMMUNITY_Wang---D8TE_vs_D5KLRG1lo_dn,1.0855319666688044,0.37382453811262306,0.37382453811262306,9,0.42733219461812333,0.42733219461812333
10,2018_IMMUNITY_Wang---D5KLRG1lo_vs_Naive_dn,1.609186723252921,3.878105035413223e-4,1.3116474291710389e-4,34,3.411380432574843,3.88218288763027
10,2018_IMMUNITY_Wang---D8TE_vs_D5KLRG1lo_up,1.980560209677925,3.878105035413223e-4,1.3783597518952445e-4,34,3.411380432574843,3.8606374167737547
10,2018_IMMUNITY_Wang---D8EE_vs_D5KLRG1lo_up,1.6870287706641403,3.878105035413223e-4,1.3966480446927373e-4,28,3.411380432574843,3.8549130223078554
10,2018_IMMUNITY_Wang---D8MP_vs_D5KLRG1lo_up,1.9743732759518247,3.878105035413223e-4,1.4025245441795232e-4,28,3.411380432574843,3.8530895298518657
10,2018_IMMUNITY_Wang---D8MP_vs_D5KLRG1hi_up,1.9391419130857255,3.878105035413223e-4,1.4184397163120567e-4,35,3.411380432574843,3.848189116991399
10,2018_IMMUNITY_Wang---D8TE_vs_D5KLRG1hi_up,1.986630471059114,3.878105035413223e-4,1.4240956992309884e-4,36,3.411380432574843,3.8464608251293324
10,2018_IMMUNITY_Wang---D8EE_vs_D5KLRG1hi_up,1.765753270324103,3.878105035413223e-4,1.4287755393627662e-4,33,3.411380432574843,3.845035993513415
10,2018_IMMUNITY_Wang---D8EE_vs_D5KLRG1hi_dn,-2.531027578057579,4.089979550102249e-4,2.871088142405972e-4,52,3.388278863459639,3.541953474458236
10,2018_IMMUNITY_Wang---D8EE_vs_D5KLRG1lo_dn,-2.7373845694406063,4.089979550102249e-4,2.915451895043732e-4,63,3.388278863459639,3.5352941200427703
10,2018_IMMUNITY_Wang---D8TE_vs_D5KLRG1hi_dn,-2.8067825465017675,4.089979550102249e-4,2.978850163836759e-4,51,3.388278863459639,3.5259513412480126
10,2018_IMMUNITY_Wang---D8MP_vs_D5KLRG1hi_dn,-2.9432062869333393,4.089979550102249e-4,3.048780487804878e-4,51,3.388278863459639,3.515873843711679
10,2018_IMMUNITY_Wang---D8TE_vs_D5KLRG1lo_dn,-2.801114150670616,4.089979550102249e-4,3.0656039239730225e-4,45,3.388278863459639,3.513483956704257
10,2018_IMMUNITY_Wang---D8MP_vs_D5KLRG1lo_dn,-3.1549552335433186,4.089979550102249e-4,3.1486146095717883e-4,51,3.388278863459639,3.5018804937550585
10,2018_IMMUNITY_Wang---D5KLRG1hi_vs_Naive_up,-2.7578837710498343,4.089979550102249e-4,3.2123353678124e-4,43,3.388278863459639,3.493179120682515
10,2018_IMMUNITY_Wang---D5KLRG1lo_vs_Naive_up,-3.0143338642821313,4.089979550102249e-4,3.2289312237649337e-4,47,3.388278863459639,3.490941205356787
10,2016_SCIENCE_Mackay---TRM_vs_TCM-TEM,-1.6237126354741358,6.844380403458214e-4,5.763688760806917e-4,14,3.1646658608299885,3.2392994791268923
10,2016_SCIENCE_Mackay---TEM_vs_TCM-TRM,1.676830817864845,0.001158012050290809,0.0010361160449970396,39,2.9362869213101592,2.9845916008847144
10,2018_IMMUNITY_Wang---D5KLRG1hi_vs_Naive_dn,1.5003902999987488,0.0012617877540177977,0.0011953778722273874,31,2.899013691851817,2.9224947877013396
10,2016_SCIENCE_Mackay---TCM_vs_TEM-TRM,-1.1009107895566197,0.26179318962824116,0.26179318962824116,15,0.5820416555138559,0.5820416555138559
2,2018_IMMUNITY_Wang---D8TE_vs_D5KLRG1lo_dn,-2.338631378027655,3.667245705462266e-4,1.8811136192626034e-4,43,3.4356599913342922,3.7255849722706946
2,2016_SCIENCE_Mackay---TCM_vs_TEM-TRM,-2.7301938060446784,3.667245705462266e-4,1.8882175226586103e-4,58,3.4356599913342922,3.7239479764316434
2,2018_IMMUNITY_Wang---D8TE_vs_D5KLRG1hi_dn,-2.2984144304198257,3.667245705462266e-4,1.904036557501904e-4,51,3.4356599913342922,3.7203247174174416
2,2018_IMMUNITY_Wang---D8MP_vs_D5KLRG1hi_dn,-1.9851718046486506,3.667245705462266e-4,1.915341888527102e-4,59,3.4356599913342922,3.7177536932107156
2,2018_IMMUNITY_Wang---D8MP_vs_D5KLRG1lo_dn,-2.3835718058372475,3.667245705462266e-4,1.9201228878648233e-4,48,3.4356599913342922,3.7166709755601355
2,2018_IMMUNITY_Wang---D5KLRG1lo_vs_Naive_dn,-1.6342102342740277,3.667245705462266e-4,1.9331142470520006e-4,37,3.4356599913342922,3.7137424784090824
2,2018_IMMUNITY_Wang---D5KLRG1hi_vs_Naive_dn,-1.9879850065366909,3.667245705462266e-4,1.9451468585878233e-4,41,3.4356599913342922,3.711047603867034
2,2016_SCIENCE_Mackay---TRM_vs_TCM-TEM,-1.6417518365225572,3.667245705462266e-4,1.9474196689386563e-4,29,3.4356599913342922,3.710540447933297
2,2018_IMMUNITY_Wang---D8TE_vs_D5KLRG1hi_up,2.206333047113587,3.667245705462266e-4,2.0938023450586265e-4,34,3.4356599913342922,3.6790643181213127
2,2018_IMMUNITY_Wang---D8TE_vs_D5KLRG1lo_up,2.528205232106887,3.667245705462266e-4,2.113718030014796e-4,35,3.4356599913342922,3.674952948048565
2,2016_SCIENCE_Mackay---TEM_vs_TCM-TRM,3.03372357725786,3.667245705462266e-4,2.1231422505307856e-4,55,3.4356599913342922,3.673020907128896
2,2018_IMMUNITY_Wang---D8EE_vs_D5KLRG1lo_dn,-2.0225726343439954,5.994069026436998e-4,3.785727806170736e-4,50,3.222278260117754,3.421850615022958
2,2018_IMMUNITY_Wang---D8MP_vs_D5KLRG1hi_up,-1.5360475798690187,0.001976960237829803,0.001352657004830918,30,2.7040020654687065,2.8688123141146984
2,2018_IMMUNITY_Wang---D8EE_vs_D5KLRG1lo_up,1.5614710513611394,0.002,0.0014736842105263158,12,2.6989700043360187,2.83159556961061
2,2018_IMMUNITY_Wang---D5KLRG1hi_vs_Naive_up,1.6530213128903566,0.0034557537600559637,0.002728226652675761,24,2.4614572107703605,2.5641195526675085
2,2018_IMMUNITY_Wang---D8EE_vs_D5KLRG1hi_dn,-1.5491560700788776,0.02614555890101618,0.02201731275875047,50,1.582602070031193,1.657235688328097
2,2018_IMMUNITY_Wang---D5KLRG1lo_vs_Naive_up,-1.3571345588019619,0.03357646158348529,0.030042097206276312,32,1.473965073407518,1.522269752982073
2,2018_IMMUNITY_Wang---D8MP_vs_D5KLRG1lo_up,1.315393225181469,0.03629864041256446,0.03438818565400844,16,1.4401096414206045,1.4635907372701271
2,2018_IMMUNITY_Wang---D8EE_vs_D5KLRG1hi_up,-1.1052787825833692,0.23476254566429533,0.23476254566429533,26,0.6293711898299497,0.6293711898299497
3,2016_SCIENCE_Mackay---TRM_vs_TCM-TEM,-1.658994691038539,5.772794944246954e-4,1.4382281029771322e-4,26,3.2386138688245403,3.8421722293856155
3,2018_IMMUNITY_Wang---D5KLRG1hi_vs_Naive_up,-2.793155304805631,5.772794944246954e-4,1.7170329670329672e-4,60,3.2386138688245403,3.7652213663049805
3,2018_IMMUNITY_Wang---D5KLRG1lo_vs_Naive_up,-2.793083199298205,5.772794944246954e-4,1.7265193370165745e-4,55,3.2386138688245403,3.7628285531890904
3,2018_IMMUNITY_Wang---D8MP_vs_D5KLRG1hi_dn,-1.929817271146678,5.772794944246954e-4,1.762114537444934e-4,63,3.2386138688245403,3.7539658658651605
3,2016_SCIENCE_Mackay---TEM_vs_TCM-TRM,-2.3558853044727583,5.772794944246954e-4,1.7624250969333803e-4,48,3.2386138688245403,3.7538893314598334
3,2016_SCIENCE_Mackay---TCM_vs_TEM-TRM,2.579098911390899,5.772794944246954e-4,2.3557126030624264e-4,62,3.2386138688245403,3.6278776945799716
3,2018_IMMUNITY_Wang---D8MP_vs_D5KLRG1hi_up,1.8138390549446473,5.772794944246954e-4,2.49003984063745e-4,23,3.2386138688245403,3.603793704136963
3,2018_IMMUNITY_Wang---D5KLRG1hi_vs_Naive_dn,2.523504766032127,5.772794944246954e-4,2.679528403001072e-4,25,3.2386138688245403,3.571941635074462
3,2018_IMMUNITY_Wang---D5KLRG1lo_vs_Naive_dn,2.3451512503705,5.772794944246954e-4,2.7344818156959256e-4,22,3.2386138688245403,3.5631249603380444
3,2018_IMMUNITY_Wang---D8MP_vs_D5KLRG1lo_dn,-1.8924017040567096,6.684256816182938e-4,3.5180299032541777e-4,49,3.1749468724069434,3.4537004733597723
3,2018_IMMUNITY_Wang---D8TE_vs_D5KLRG1lo_dn,1.5874365823069445,0.009578700675822978,0.005909090909090909,11,2.018693397768083,2.2284793285153697
3,2018_IMMUNITY_Wang---D8TE_vs_D5KLRG1lo_up,-1.4125397210486454,0.009578700675822978,0.00604970568999346,26,2.018693397768083,2.2182657526732874
3,2018_IMMUNITY_Wang---D8EE_vs_D5KLRG1hi_up,1.4661637421882288,0.011429430784269494,0.007820136852394917,23,1.9419753980742245,2.1067856467202164
3,2018_IMMUNITY_Wang---D8EE_vs_D5KLRG1lo_dn,-1.6254149872587489,0.015276935649698151,0.011256689426093374,43,1.815963750727033,1.9485893160016239
3,2018_IMMUNITY_Wang---D8EE_vs_D5KLRG1hi_dn,-1.4337240823462312,0.06256296842363926,0.049391817176557315,54,1.2036826534996408,1.3063449953967885
3,2018_IMMUNITY_Wang---D8MP_vs_D5KLRG1lo_up,1.1877360580692022,0.11234771902540176,0.09460860549507517,15,0.9494357405544869,1.024069358851391
3,2018_IMMUNITY_Wang---D8EE_vs_D5KLRG1lo_up,1.1603851226119486,0.14065033189562878,0.12584503380135206,16,0.8518592386834936,0.9001639182580485
3,2018_IMMUNITY_Wang---D8TE_vs_D5KLRG1hi_dn,-1.057858131900118,0.37670032463006115,0.3568739917547948,40,0.42400400553343676,0.4474851013829596
3,2018_IMMUNITY_Wang---D8TE_vs_D5KLRG1hi_up,-1.016524398897684,0.4109018169694949,0.4109018169694949,23,0.3862619383242062,0.3862619383242062
4,2018_IMMUNITY_Wang---D8EE_vs_D5KLRG1hi_up,-1.749178899211154,3.365095108214375e-4,1.7717930545712261e-4,34,3.4730026567330277,3.7515870050823104
4,2018_IMMUNITY_Wang---D8TE_vs_D5KLRG1hi_up,-1.9552777050559549,3.365095108214375e-4,1.795009872554299e-4,34,3.4730026567330277,3.745933158459443
4,2018_IMMUNITY_Wang---D8MP_vs_D5KLRG1hi_up,-2.145046344246976,3.365095108214375e-4,1.7988846914912754e-4,37,3.4730026567330277,3.74499667403856
4,2018_IMMUNITY_Wang---D8MP_vs_D5KLRG1lo_up,-1.9235417281281253,3.365095108214375e-4,1.8070112034694616e-4,29,3.4730026567330277,3.7430391548049333
4,2018_IMMUNITY_Wang---D8TE_vs_D5KLRG1lo_up,-1.8021475677585188,3.365095108214375e-4,1.8096272167933406e-4,33,3.4730026567330277,3.7424108805804925
4,2016_SCIENCE_Mackay---TRM_vs_TCM-TEM,1.6424801250672858,3.365095108214375e-4,2.1891418563922942e-4,14,3.4730026567330277,3.6597260952377915
4,2018_IMMUNITY_Wang---D5KLRG1lo_vs_Naive_up,2.934456633370946,3.365095108214375e-4,2.243661655822302e-4,44,3.4730026567330277,3.649042634086176
4,2018_IMMUNITY_Wang---D8MP_vs_D5KLRG1lo_dn,2.6947318090283003,3.365095108214375e-4,2.2609088853719196e-4,39,3.4730026567330277,3.6457169393696036
4,2018_IMMUNITY_Wang---D5KLRG1hi_vs_Naive_up,2.8551595679956687,3.365095108214375e-4,2.2675736961451248e-4,44,3.4730026567330277,3.6444385894678386
4,2018_IMMUNITY_Wang---D8MP_vs_D5KLRG1hi_dn,2.6422619538840424,3.365095108214375e-4,0.00022747952684258417,43,3.4730026567330277,3.643057683751453
4,2018_IMMUNITY_Wang---D8TE_vs_D5KLRG1lo_dn,2.347291354169231,3.365095108214375e-4,0.00023110700254217703,30,3.4730026567330277,3.6361868951987244
4,2018_IMMUNITY_Wang---D8TE_vs_D5KLRG1hi_dn,2.481253190542778,3.365095108214375e-4,2.3590469450342062e-4,43,3.4730026567330277,3.627263416568221
4,2018_IMMUNITY_Wang---D8EE_vs_D5KLRG1hi_dn,2.342339598022854,3.365095108214375e-4,2.4313153415998054e-4,41,3.4730026567330277,3.614158709509175
4,2018_IMMUNITY_Wang---D8EE_vs_D5KLRG1lo_dn,2.3895068444141785,3.365095108214375e-4,2.479543763947434e-4,48,3.4730026567330277,3.605628222007619
4,2016_SCIENCE_Mackay---TCM_vs_TEM-TRM,-1.6625149173450842,0.0011132595066502607,8.788890841975743e-4,34,2.953403587534605,3.0560659294317527
4,2018_IMMUNITY_Wang---D8EE_vs_D5KLRG1lo_up,-1.5798564903227783,0.0012914627514953778,0.001087547580206634,26,2.888918115277192,2.9635517335740964
4,2018_IMMUNITY_Wang---D5KLRG1lo_vs_Naive_dn,-1.3830115618636418,0.006316692584052765,0.005651777575205105,32,2.199510258501902,2.2478149380764574
4,2018_IMMUNITY_Wang---D5KLRG1hi_vs_Naive_dn,-1.3850526843502815,0.0071165370910268875,0.00674198250728863,31,2.1477312827821775,2.1712123786317004
4,2016_SCIENCE_Mackay---TEM_vs_TCM-TRM,-1.0253443242277611,0.411502849002849,0.411502849002849,26,0.38562715364263955,0.38562715364263955
5,2018_IMMUNITY_Wang---D5KLRG1lo_vs_Naive_dn,-1.6938046000388451,4.3367114032685105e-4,1.4708045300779526e-4,35,3.362839478044523,3.832445041174111
5,2018_IMMUNITY_Wang---D5KLRG1hi_vs_Naive_dn,-1.754828113211439,4.3367114032685105e-4,1.489203276247208e-4,37,3.362839478044523,3.8270460170047342
5,2018_IMMUNITY_Wang---D8MP_vs_D5KLRG1lo_up,-1.6404643456406804,4.3367114032685105e-4,1.5151515151515152e-4,26,3.362839478044523,3.8195439355418688
5,2018_IMMUNITY_Wang---D8MP_vs_D5KLRG1hi_up,-1.9192477399028949,4.3367114032685105e-4,1.5234613040828764e-4,34,3.362839478044523,3.8171685723810556
5,2018_IMMUNITY_Wang---D8EE_vs_D5KLRG1hi_up,-1.6806913478945569,4.3367114032685105e-4,1.558117793705204e-4,36,3.362839478044523,3.8073997127594854
5,2016_SCIENCE_Mackay---TCM_vs_TEM-TRM,-2.0501823584708823,4.3367114032685105e-4,1.5765410688948448e-4,37,3.362839478044523,3.802294711397464
5,2018_IMMUNITY_Wang---D8TE_vs_D5KLRG1hi_dn,2.1087646948092256,4.3367114032685105e-4,2.6441036488630354e-4,34,3.362839478044523,3.577721524509021
5,2018_IMMUNITY_Wang---D8EE_vs_D5KLRG1lo_dn,2.281907761919961,4.3367114032685105e-4,2.6483050847457627e-4,49,3.362839478044523,3.5770319856260313
5,2018_IMMUNITY_Wang---D8MP_vs_D5KLRG1lo_dn,2.081500709631533,4.3367114032685105e-4,2.6609898882384245e-4,34,3.362839478044523,3.5749567757645067
5,2018_IMMUNITY_Wang---D8EE_vs_D5KLRG1hi_dn,2.1931049339926894,4.3367114032685105e-4,2.6752273943285177e-4,40,3.362839478044523,3.572639297042813
5,2018_IMMUNITY_Wang---D5KLRG1lo_vs_Naive_up,3.180324223416092,4.3367114032685105e-4,2.73000273000273e-4,57,3.362839478044523,3.5638369186645447
5,2018_IMMUNITY_Wang---D5KLRG1hi_vs_Naive_up,3.0858396065870215,4.3367114032685105e-4,2.738975623116954e-4,56,3.362839478044523,3.5624118329497274
5,2016_SCIENCE_Mackay---TRM_vs_TCM-TEM,1.6151871179623147,5.550848695550556e-4,3.7979491074819596e-4,14,3.255640610460076,3.4204508591060683
5,2018_IMMUNITY_Wang---D8TE_vs_D5KLRG1hi_up,-1.6629554247299596,6.285008600538085e-4,4.631058968817536e-4,29,3.201694123679905,3.3343196889544955
5,2018_IMMUNITY_Wang---D8TE_vs_D5KLRG1lo_dn,1.831788794431052,0.001021505376344086,8.064516129032258e-4,26,2.990759343265087,3.093421685162235
5,2018_IMMUNITY_Wang---D8MP_vs_D5KLRG1hi_dn,1.753077505939652,0.0018725361366622863,0.0015768725361366622,35,2.727569792426044,2.802203410722948
5,2018_IMMUNITY_Wang---D8EE_vs_D5KLRG1lo_up,-1.502943654282459,0.0030467434588556004,0.0027260336210813267,31,2.5161641125951495,2.5644687921697042
5,2018_IMMUNITY_Wang---D8TE_vs_D5KLRG1lo_up,-1.4581202044312502,0.0041170783745041175,0.0039003900390039005,30,2.3854108655041704,2.408891961353693
5,2016_SCIENCE_Mackay---TEM_vs_TCM-TRM,0.963364593631219,0.5327077747989276,0.5327077747989276,15,0.2735109646988724,0.2735109646988724
6,2016_SCIENCE_Mackay---TRM_vs_TCM-TEM,-1.4359310858416696,4.2826552462526765e-4,1e-4,23,3.368286884902131,4
6,2018_IMMUNITY_Wang---D5KLRG1lo_vs_Naive_up,-2.1566208070481663,4.2826552462526765e-4,1.0570824524312896e-4,45,3.368286884902131,3.975891136401793
6,2018_IMMUNITY_Wang---D5KLRG1hi_vs_Naive_up,-2.2376614898336964,4.2826552462526765e-4,1.0702054794520547e-4,48,3.368286884902131,3.9705328297683242
6,2018_IMMUNITY_Wang---D8MP_vs_D5KLRG1lo_dn,-1.899085326554075,4.2826552462526765e-4,1.1123470522803115e-4,40,3.368286884902131,3.9537596917332287
6,2018_IMMUNITY_Wang---D8MP_vs_D5KLRG1hi_dn,-2.1736692763515015,4.2826552462526765e-4,1.1270145384875464e-4,53,3.368286884902131,3.948070481518941
6,2016_SCIENCE_Mackay---TEM_vs_TCM-TRM,-1.6568213936295204,0.0020895194105355766,6.598482349059716e-4,30,2.6799535901344558,3.1805559407036412
6,2018_IMMUNITY_Wang---D8TE_vs_D5KLRG1lo_dn,1.838039481092592,0.0024742805052741243,9.115770282588879e-4,30,2.606551066636139,3.0402066275747113
6,2016_SCIENCE_Mackay---TCM_vs_TEM-TRM,2.3025421163105664,0.0026836158192090395,0.0011299435028248588,39,2.57127965673694,2.9469432706978256
6,2018_IMMUNITY_Wang---D8EE_vs_D5KLRG1lo_up,1.3830369466205854,0.010052910052910055,0.004761904761904762,33,1.997708203220415,2.322219294733919
6,2018_IMMUNITY_Wang---D8EE_vs_D5KLRG1hi_dn,-1.6001992247297905,0.012459016393442622,0.006557377049180328,34,1.9045162427299758,2.1832698436828046
6,2018_IMMUNITY_Wang---D5KLRG1hi_vs_Naive_dn,2.222284038713639,0.025780189959294438,0.014925373134328358,42,1.5887138869062225,1.8260748027008264
6,2018_IMMUNITY_Wang---D5KLRG1lo_vs_Naive_dn,2.146469503135762,0.03166666666666666,0.02,42,1.4993976494308148,1.6989700043360187
6,2018_IMMUNITY_Wang---D8EE_vs_D5KLRG1lo_dn,1.4055259305869274,0.09725326220171582,0.06654170571696345,37,1.0120958220594023,1.1769060707053947
6,2018_IMMUNITY_Wang---D8TE_vs_D5KLRG1hi_dn,-1.3279428024841955,0.12125345187579982,0.08934464875058934,31,0.9163058889378798,1.0489314542124708
6,2018_IMMUNITY_Wang---D8MP_vs_D5KLRG1lo_up,0.9519988017271285,0.7909994943536154,0.6714285714285714,26,0.10182379412495912,0.1730001820785394
6,2018_IMMUNITY_Wang---D8EE_vs_D5KLRG1hi_up,0.9326996071065479,0.7909994943536154,0.6854368932038835,30,0.10182379412495912,0.16403252365336846
6,2018_IMMUNITY_Wang---D8MP_vs_D5KLRG1hi_up,0.9257137583914675,0.7909994943536154,0.7077363896848138,28,0.10182379412495912,0.15012847369951415
6,2018_IMMUNITY_Wang---D8TE_vs_D5KLRG1lo_up,-0.8147687939543039,0.915560309214175,0.8673729245186921,16,0.03831304284644089,0.061794138695963785
6,2018_IMMUNITY_Wang---D8TE_vs_D5KLRG1hi_up,-0.6051351779966375,0.9933180204635623,0.9933180204635623,15,0.0029116856227059864,0.0029116856227059864
7,2018_IMMUNITY_Wang---D8MP_vs_D5KLRG1hi_up,2.0170245303897003,9.429280397022332e-4,1.1941724385001195e-4,25,3.0255214495242995,3.922932956555212
7,2016_SCIENCE_Mackay---TCM_vs_TEM-TRM,2.106595234320698,9.429280397022332e-4,1.3137151865475564e-4,33,3.0255214495242995,3.881498779614983
7,2018_IMMUNITY_Wang---D8EE_vs_D5KLRG1hi_up,1.6916270265926319,9.429280397022332e-4,2.4685262898049864e-4,17,3.0255214495242995,3.607562243183588
7,2018_IMMUNITY_Wang---D8EE_vs_D5KLRG1hi_dn,-2.0789584521832136,9.429280397022332e-4,3.0553009471432935e-4,50,3.0255214495242995,3.5149460053080044
7,2018_IMMUNITY_Wang---D8TE_vs_D5KLRG1hi_dn,-1.8372284317387058,9.429280397022332e-4,3.508771929824561e-4,38,3.0255214495242995,3.45484486000851
7,2018_IMMUNITY_Wang---D8MP_vs_D5KLRG1hi_dn,-2.748116901643718,9.429280397022332e-4,3.853564547206166e-4,64,3.0255214495242995,3.414137362184477
7,2018_IMMUNITY_Wang---D8MP_vs_D5KLRG1lo_dn,-2.5032273816238884,9.429280397022332e-4,4.1017227235438887e-4,48,3.0255214495242995,3.387033701282363
7,2016_SCIENCE_Mackay---TEM_vs_TCM-TRM,-2.421138923272566,9.429280397022332e-4,4.1841004184100416e-4,43,3.0255214495242995,3.3783979009481375
7,2018_IMMUNITY_Wang---D5KLRG1hi_vs_Naive_up,-2.294377501729688,9.429280397022332e-4,4.664179104477612e-4,45,3.0255214495242995,3.3312247810207323
7,2018_IMMUNITY_Wang---D5KLRG1lo_vs_Naive_up,-2.225286633295544,9.429280397022332e-4,4.962779156327543e-4,43,3.0255214495242995,3.3042750504771283
7,2016_SCIENCE_Mackay---TRM_vs_TCM-TEM,-1.2501844037236105,0.012842176410949644,0.007434944237918215,17,1.8913613685438229,2.128722284338427
7,2018_IMMUNITY_Wang---D8TE_vs_D5KLRG1lo_up,-1.2827505025660966,0.02849504434011476,0.017996870109546165,29,1.5452306628995844,1.7448030178047884
7,2018_IMMUNITY_Wang---D8EE_vs_D5KLRG1lo_dn,-1.4938417385189802,0.05271718331419824,0.036069651741293535,39,1.278047802203503,1.442858050849495
7,2018_IMMUNITY_Wang---D8MP_vs_D5KLRG1lo_up,1.2605955602988153,0.08506368197607102,0.06409955388588871,15,1.0702558228060775,1.1931449930329927
7,2018_IMMUNITY_Wang---D8TE_vs_D5KLRG1lo_dn,-1.2943162062923996,0.08506368197607102,0.06715553840216133,23,1.0702558228060775,1.172918164703225
7,2018_IMMUNITY_Wang---D8TE_vs_D5KLRG1hi_up,1.2217340767588614,0.1327981931388109,0.11183005738005128,19,0.8768078339678687,0.9514414522647728
7,2018_IMMUNITY_Wang---D5KLRG1hi_vs_Naive_dn,1.035169215273414,0.4319426968648422,0.38647504456327986,6,0.3645738644954713,0.41287854407002633
7,2018_IMMUNITY_Wang---D8EE_vs_D5KLRG1lo_up,0.9241908427043475,0.6890874397256389,0.6528196797400789,11,0.1617256660736439,0.18520676192316682
7,2018_IMMUNITY_Wang---D5KLRG1lo_vs_Naive_dn,-0.702751594283059,1,1,35,-0,-0
8,2018_IMMUNITY_Wang---D5KLRG1lo_vs_Naive_up,1.7937792169538957,0.0021793989447120897,2.2704052673402204e-4,27,2.661663263728836,3.643896614322234
8,2018_IMMUNITY_Wang---D5KLRG1hi_vs_Naive_up,1.789350936313833,0.0021793989447120897,2.2941041523285156e-4,26,2.661663263728836,3.639386869017684
8,2018_IMMUNITY_Wang---D8MP_vs_D5KLRG1hi_dn,-2.3671481589021863,0.002606310013717421,5.385029617662897e-4,58,2.583973927365146,3.2688119037397803
8,2018_IMMUNITY_Wang---D8MP_vs_D5KLRG1lo_dn,-2.045484901235948,0.002606310013717421,6.035003017501509e-4,42,2.583973927365146,3.219322508419337
8,2016_SCIENCE_Mackay---TCM_vs_TEM-TRM,-2.7363269949402347,0.002606310013717421,6.858710562414266e-4,49,2.583973927365146,3.163757523981956
8,2018_IMMUNITY_Wang---D8EE_vs_D5KLRG1hi_dn,-1.803877300364342,0.005840403295217017,0.0018443378827001106,48,2.2335571626752815,2.734159513244467
8,2018_IMMUNITY_Wang---D5KLRG1hi_vs_Naive_dn,-1.9771728053578634,0.007959782153330541,0.002932551319648094,40,2.0990988180539256,2.5327543789924976
8,2018_IMMUNITY_Wang---D5KLRG1lo_vs_Naive_dn,-1.7711288455454846,0.009462151394422311,0.00398406374501992,38,2.024010107520153,2.399673721481038
8,2018_IMMUNITY_Wang---D8TE_vs_D5KLRG1hi_dn,-1.5894921126712531,0.017257039055404176,0.008174386920980926,35,1.7630337180189228,2.087544809532427
8,2018_IMMUNITY_Wang---D8EE_vs_D5KLRG1lo_dn,-1.6047470980500103,0.02021993614757006,0.010642071656615822,44,1.694220220199111,1.9729738211519399
8,2018_IMMUNITY_Wang---D8TE_vs_D5KLRG1lo_dn,-1.413356189768091,0.03916934835076428,0.02267699115044248,32,1.4070536536250051,1.644414569419609
8,2018_IMMUNITY_Wang---D8TE_vs_D5KLRG1hi_up,1.1526304067426523,0.3316940801659628,0.20949099799955545,12,0.4792622793825323,0.6788346342877364
8,2016_SCIENCE_Mackay---TRM_vs_TCM-TEM,1.0721340855300703,0.36758219727345626,0.25150360866078586,16,0.4346455305098835,0.5994557791558757
8,2018_IMMUNITY_Wang---D8MP_vs_D5KLRG1lo_up,1.0952066693829603,0.386710390590119,0.28494449832956137,10,0.41261415863464784,0.5452397239092388
8,2018_IMMUNITY_Wang---D8EE_vs_D5KLRG1hi_up,1.0622074696239667,0.45553075950308713,0.35962954697612143,10,0.3414822921675422,0.4441446340646899
8,2016_SCIENCE_Mackay---TEM_vs_TCM-TRM,0.9976274839856167,0.5721193781891539,0.48178473952770856,19,0.24251334204714223,0.31714696034404644
8,2018_IMMUNITY_Wang---D8TE_vs_D5KLRG1lo_up,0.9615694473945896,0.6194423191362748,0.5787795024452477,11,0.2079991277820404,0.2374868578787636
8,2018_IMMUNITY_Wang---D8MP_vs_D5KLRG1hi_up,0.9496985306392295,0.6194423191362748,0.586840091813313,10,0.2079991277820404,0.23148022363156331
8,2018_IMMUNITY_Wang---D8EE_vs_D5KLRG1lo_up,0.8068836744501748,0.8732409381663113,0.8732409381663113,7,0.05886591244644125,0.05886591244644125
9,2018_IMMUNITY_Wang---D5KLRG1lo_vs_Naive_up,-2.769313063756793,6.233595800524934e-4,1.7085255424568598e-4,55,3.205261361714734,3.7673785241141804
9,2018_IMMUNITY_Wang---D5KLRG1hi_vs_Naive_up,-2.7802815443660314,6.233595800524934e-4,1.7238407171177384e-4,59,3.205261361714734,3.763502865467597
9,2016_SCIENCE_Mackay---TEM_vs_TCM-TRM,-2.3753910770993625,6.233595800524934e-4,1.7415534656913968e-4,51,3.205261361714734,3.759063188160487
9,2018_IMMUNITY_Wang---D8MP_vs_D5KLRG1lo_dn,-2.1289518704186907,6.233595800524934e-4,1.7442874585731728e-4,48,3.205261361714734,3.758381941774675
9,2018_IMMUNITY_Wang---D8MP_vs_D5KLRG1hi_dn,-2.208445809400495,6.233595800524934e-4,1.77430801987225e-4,60,3.205261361714734,3.750970984437319
9,2016_SCIENCE_Mackay---TCM_vs_TEM-TRM,2.7968937206715316,6.233595800524934e-4,2.3073373327180433e-4,60,3.205261361714734,3.636888906983799
9,2018_IMMUNITY_Wang---D5KLRG1hi_vs_Naive_dn,2.279775991300362,6.233595800524934e-4,2.5673940949935817e-4,24,3.205261361714734,3.590507462008583
9,2018_IMMUNITY_Wang---D5KLRG1lo_vs_Naive_dn,2.0422580684619502,6.233595800524934e-4,2.6246719160104987e-4,23,3.205261361714734,3.5809249756756194
9,2018_IMMUNITY_Wang---D8MP_vs_D5KLRG1hi_up,1.6850734730814232,0.001021505376344086,4.929751047572097e-4,25,2.990759343265087,3.307175012040345
9,2018_IMMUNITY_Wang---D8EE_vs_D5KLRG1hi_dn,-1.918009696834045,0.001021505376344086,5.376344086021505e-4,49,2.990759343265087,3.269512944217916
9,2016_SCIENCE_Mackay---TRM_vs_TCM-TEM,-1.315196704721037,0.003090394025238218,0.0017891754882958103,23,2.5099861444984226,2.7473470602930266
9,2018_IMMUNITY_Wang---D8TE_vs_D5KLRG1lo_up,-1.4593530846095206,0.0037111445951224955,0.002343880796919471,25,2.4304921241636297,2.630064479068834
9,2018_IMMUNITY_Wang---D8EE_vs_D5KLRG1lo_dn,-1.560680427057197,0.025308025308025308,0.017316017316017316,45,1.5967417399181898,1.761551988564182
9,2018_IMMUNITY_Wang---D8TE_vs_D5KLRG1hi_dn,-1.4791729617806935,0.03397776703721605,0.025486725663716816,43,1.4688051656459107,1.593685955724189
9,2018_IMMUNITY_Wang---D8EE_vs_D5KLRG1hi_up,1.3609961974360762,0.03397776703721605,0.026824552924117933,21,1.4688051656459107,1.5714675075430584
9,2018_IMMUNITY_Wang---D8TE_vs_D5KLRG1hi_up,-1.310483072866265,0.05613933298951349,0.04727522778064294,21,1.250732751671201,1.325366369968105
9,2018_IMMUNITY_Wang---D8TE_vs_D5KLRG1lo_dn,1.3262682217849902,0.0784631739628196,0.07020389249304912,15,1.105334127934013,1.153638807508568
9,2018_IMMUNITY_Wang---D8EE_vs_D5KLRG1lo_up,0.9780107416501855,0.5207189216175736,0.508495752123938,21,0.2833966408670454,0.29371267073895374
9,2018_IMMUNITY_Wang---D8MP_vs_D5KLRG1lo_up,0.9763074948160259,0.5207189216175736,0.5207189216175736,15,0.2833966408670454,0.2833966408670454
