comparison,pathway,NES,padj,leadingEdge_signal,mlog10padj
0,Exp391_CD8---d5_KLRG1hi_Runx3_repressed,2.002664994003666,5.493416905315106e-4,33,3.2601574403365183
0,Exp391_CD8---d5_KLRG1lo_Runx3_repressed,2.0249823599266965,5.493416905315106e-4,38,3.2601574403365183
0,Exp391_CD8---Act48h_dn,2.8517687367127538,5.493416905315106e-4,47,3.2601574403365183
0,Exp391_CD8---klf2_promoted,2.0053045223548946,5.493416905315106e-4,30,3.2601574403365183
0,Exp391_CD8---MEM_up,2.291676550378541,5.493416905315106e-4,33,3.2601574403365183
0,Exp391_CD8---Tcf7_repressed,2.46337271666015,5.493416905315106e-4,37,3.2601574403365183
0,Exp391_CD8---Texterm_up,2.1828114391092233,5.493416905315106e-4,39,3.2601574403365183
0,Exp391_CD8---Texint_up,2.388606125213046,5.493416905315106e-4,40,3.2601574403365183
0,Exp391_CD8---best_cluster_8,2.7986705964294774,5.493416905315106e-4,57,3.2601574403365183
0,Exp391_CD8---GSE68056_WT_vs_Tbx21KO---WT,2.4059227382588664,5.493416905315106e-4,36,3.2601574403365183
0,Exp391_CD8---GSE68056_WT_vs_Il2raKO---WT,1.8735528086438575,5.493416905315106e-4,34,3.2601574403365183
0,Exp391_CD8---TRM_biased,2.530602406970639,5.493416905315106e-4,57,3.2601574403365183
0,Exp391_CD8---Texprog1_dn,2.2882292318404773,5.493416905315106e-4,47,3.2601574403365183
0,Exp391_CD8---JJM_TrmSignature,1.8429382596073434,5.493416905315106e-4,37,3.2601574403365183
0,Exp391_CD8---best_cluster_10,2.331349127319715,5.493416905315106e-4,48,3.2601574403365183
0,Exp391_CD8---TE_up,1.991219644705261,5.493416905315106e-4,24,3.2601574403365183
0,Exp391_CD8---EE_up,2.2710230829280666,5.493416905315106e-4,37,3.2601574403365183
0,Exp391_CD8---best_cluster_6,2.5972802376472015,5.493416905315106e-4,55,3.2601574403365183
0,Exp391_CD8---best_cluster_4,-2.7613449282787395,6.357610372284988e-4,69,3.196706091449817
0,Exp391_CD8---GSE68056_WT_vs_Il2raKO---Il2raKO,-2.3410810572491134,6.357610372284988e-4,44,3.196706091449817
0,Exp391_CD8---best_cluster_3,-3.331137871778284,6.357610372284988e-4,88,3.196706091449817
0,Exp391_CD8---TE_dn,-2.280894593542021,6.357610372284988e-4,43,3.196706091449817
0,Exp391_CD8---best_cluster_2,-3.0762848787019372,6.357610372284988e-4,70,3.196706091449817
0,Exp391_CD8---d5_KLRG1lo_Runx3_promoted,1.8092962569906872,6.357610372284988e-4,32,3.196706091449817
0,Exp391_CD8---GSE68056_WT_vs_Tbx21KO---Tbx21KO,-2.1830807379582695,6.357610372284988e-4,38,3.196706091449817
0,Exp391_CD8---Tcf7_promoted,-2.4456662153164754,6.357610372284988e-4,46,3.196706091449817
0,Exp391_CD8---Texprog2_up,-3.1971922362036564,6.357610372284988e-4,67,3.196706091449817
0,Exp391_CD8---Tim3negBlimp1neg,-2.289191594389043,6.357610372284988e-4,44,3.196706091449817
0,Exp391_CD8---Yao_PRO,-2.289191594389043,6.357610372284988e-4,44,3.196706091449817
0,Exp391_CD8---Tim3posBlimp1pos,-1.8468116860410821,6.357610372284988e-4,35,3.196706091449817
0,Exp391_CD8---Yao_EXH,-1.8395847794751785,6.357610372284988e-4,35,3.196706091449817
0,Exp391_CD8---DP_up,-2.3820013514097047,6.357610372284988e-4,33,3.196706091449817
0,Exp391_CD8---Tox_promoted,-2.6362913929336047,6.357610372284988e-4,50,3.196706091449817
0,Exp391_CD8---MEM_dn,-2.5598353591722813,6.357610372284988e-4,35,3.196706091449817
0,Exp391_CD8---Texterm_dn,-2.261606275452801,6.547171836428035e-4,37,3.183946260478165
0,Exp391_CD8---TE_biased,-3.7069165241097677,6.663171232577445e-4,62,3.176319025932229
0,Exp391_CD8---best_cluster_5,-1.9807685690846262,7.989574260473219e-4,53,3.0974763622696626
0,Exp391_CD8---GSE132110_Tim3pos_vs_Tim3neg---Tim3pos,-1.9072330037787835,9.583660644147683e-4,27,3.0184685729789074
0,Exp391_CD8---Yao_MP,-1.751761103111056,9.749081029247242e-4,36,3.0110363199667542
0,Exp391_CD8---Texprog2_dn,1.9308039980512086,9.749081029247242e-4,33,3.0110363199667542
0,Exp391_CD8---GSE132110_Tim3pos_vs_Tim3neg---Tim3neg,-1.9466914193750229,0.0010501669937678614,38,2.978741635496444
0,Exp391_CD8---NAV_dn,-1.7558714128804456,0.0010501669937678614,32,2.978741635496444
0,Exp391_CD8---EXH_dn,-1.5327222591450482,0.0014402077676779603,36,2.841574851066431
0,Exp391_CD8---GSE68056_WT_vs_Blimp1KO---Blimp1KO,-1.810815989754111,0.004587353086525859,42,2.338437831128477
0,Exp391_CD8---MP_up,-1.6328213840486063,0.015613145024909732,38,1.8065096062656931
0,Exp391_CD8---Texint_dn,-1.5152889637262683,0.01890387836109243,38,1.7234490858782425
0,Exp391_CD8---GSE68056_WT_vs_Blimp1KO---WT,1.556440373140944,0.02622600105935847,23,1.5812679255840543
0,Exp391_CD8---Act48h_up,-1.360237242387878,0.028370836286321758,23,1.5471278623295674
0,Exp391_CD8---NAV_up,-1.2198621770681704,0.03333914762486191,18,1.477045507883872
0,Exp391_CD8---klf2_repressed,-1.4445613510939095,0.04564737550471063,42,1.3405841871677509
0,Exp391_CD8---EE_dn,-1.365976953085651,0.08672759940629637,34,1.0618426745831326
0,Exp391_CD8---Texprog1_up,-1.2811432701986751,0.09429652531032255,37,1.0255043100872299
0,Exp391_CD8---best_cluster_9,1.341624487493094,0.13203544509581752,31,0.8793094661947456
0,Exp391_CD8---EXH_up,1.1959820289798093,0.15018021125458025,19,0.8233872890970002
0,Exp391_CD8---JJM_CirculatingSignature,1.2246001333239696,0.17536907536907537,33,0.7560469878266247
0,Exp391_CD8---best_cluster_1,1.2580424268539772,0.20607067084259445,27,0.6859838150990668
0,Exp391_CD8---d5_KLRG1hi_Runx3_promoted,-1.0490582496868588,0.37341828630579504,23,0.42780441845108946
0,Exp391_CD8---Tox_repressed,0.8833286115704339,0.7384763751003545,11,0.13166339382213105
0,Exp391_CD8---best_cluster_7,0.8120938434606031,0.8297877816815309,14,0.08103296428573474
0,Exp391_CD8---DP_dn,-0.7691375586950224,0.8459854014598539,15,0.07263713119281083
0,Exp391_CD8---MP_dn,0.6247179112669081,0.948582729070534,25,0.022924786850125282
1,Exp391_CD8---GSE132110_Tim3pos_vs_Tim3neg---Tim3pos,2.474234224551042,6.464603645612547e-4,33,3.189458097202791
1,Exp391_CD8---TE_biased,2.6390193993199698,6.464603645612547e-4,54,3.189458097202791
1,Exp391_CD8---Texterm_dn,2.3104130133157725,6.464603645612547e-4,27,3.189458097202791
1,Exp391_CD8---NAV_dn,2.396468187478381,6.464603645612547e-4,41,3.189458097202791
1,Exp391_CD8---Texint_up,1.9370166938286202,6.464603645612547e-4,38,3.189458097202791
1,Exp391_CD8---MEM_dn,2.2759970583942586,6.464603645612547e-4,35,3.189458097202791
1,Exp391_CD8---Yao_EXH,2.5367152765003125,6.464603645612547e-4,49,3.189458097202791
1,Exp391_CD8---DP_up,2.315035445870708,6.464603645612547e-4,20,3.189458097202791
1,Exp391_CD8---Tim3posBlimp1pos,2.535443163747344,6.464603645612547e-4,36,3.189458097202791
1,Exp391_CD8---Texprog2_up,2.5208217845932035,6.464603645612547e-4,53,3.189458097202791
1,Exp391_CD8---Texprog1_dn,2.037248590005103,6.464603645612547e-4,46,3.189458097202791
1,Exp391_CD8---best_cluster_3,2.5596672981668886,6.464603645612547e-4,81,3.189458097202791
1,Exp391_CD8---best_cluster_6,2.0219175302995773,6.464603645612547e-4,63,3.189458097202791
1,Exp391_CD8---best_cluster_9,1.9275039571198327,6.464603645612547e-4,49,3.189458097202791
1,Exp391_CD8---Act48h_dn,1.582384579849783,8.305252050784573e-4,38,3.0806471828870174
1,Exp391_CD8---best_cluster_8,1.7564214323820426,8.482589832016909e-4,36,3.071471532408732
1,Exp391_CD8---best_cluster_5,-2.4407422958595473,9.779872701329102e-4,64,3.0096667981234546
1,Exp391_CD8---best_cluster_4,-2.4891488403503637,0.0014144927536231884,55,2.8493992730705635
1,Exp391_CD8---GSE68056_WT_vs_Il2raKO---Il2raKO,-2.368928261313299,0.0014144927536231884,33,2.8493992730705635
1,Exp391_CD8---GSE68056_WT_vs_Blimp1KO---Blimp1KO,-1.9714615324286626,0.0014144927536231884,46,2.8493992730705635
1,Exp391_CD8---best_cluster_7,-1.9879955302504573,0.0014144927536231884,47,2.8493992730705635
1,Exp391_CD8---best_cluster_2,-2.3651515219810246,0.0014144927536231884,52,2.8493992730705635
1,Exp391_CD8---TE_dn,-2.6440154669026494,0.0014144927536231884,49,2.8493992730705635
1,Exp391_CD8---Texint_dn,-2.0103907698348924,0.0014199255121042829,32,2.847734437680732
1,Exp391_CD8---Texprog1_up,-2.2897222997873867,0.0014575866188769413,36,2.8363656273185116
1,Exp391_CD8---Yao_MP,-2.219892627216763,0.001564102564102564,49,2.805734772015732
1,Exp391_CD8---Tcf7_promoted,-1.9323549354615686,0.001652713430328646,38,2.7818024437160425
1,Exp391_CD8---TRM_biased,-1.742223417552858,0.0016771142637193443,34,2.77543734740448
1,Exp391_CD8---Tim3negBlimp1neg,-2.3573351925357517,0.0016860143725815368,45,2.773138727513028
1,Exp391_CD8---Yao_PRO,-2.3573351925357517,0.0016860143725815368,45,2.773138727513028
1,Exp391_CD8---Act48h_up,-2.141516507443568,0.0019463322803994767,32,2.7107830144145066
1,Exp391_CD8---Tox_promoted,-2.057546225268816,0.002023619957537155,42,2.693871046102016
1,Exp391_CD8---d5_KLRG1hi_Runx3_promoted,-1.5111233019018597,0.008640671680230761,27,2.0634524964470735
1,Exp391_CD8---Tcf7_repressed,1.5765902858086607,0.008640671680230761,39,2.0634524964470735
1,Exp391_CD8---klf2_promoted,1.5056603645322113,0.009290865923039019,30,2.0319438072041938
1,Exp391_CD8---EE_up,1.7250583301451419,0.009738186462324393,34,2.01152191403912
1,Exp391_CD8---GSE68056_WT_vs_Blimp1KO---WT,1.6954401946538697,0.010518813155988826,35,1.978033259125486
1,Exp391_CD8---NAV_up,-2.2468131307501436,0.01092015753669889,35,1.9617710963542192
1,Exp391_CD8---GSE68056_WT_vs_Tbx21KO---Tbx21KO,-1.6132441858758517,0.01212482607831445,37,1.9163244823149812
1,Exp391_CD8---DP_dn,-1.7080337376439034,0.015840415486307838,41,1.8002334312664554
1,Exp391_CD8---d5_KLRG1lo_Runx3_repressed,-1.5535616922574336,0.01814396192742415,25,1.7412678740926852
1,Exp391_CD8---Tox_repressed,-1.406183154422335,0.030725715835561235,28,1.5124979903027695
1,Exp391_CD8---Texterm_up,1.4373704295050589,0.03988561107766406,33,1.399183749842549
1,Exp391_CD8---EXH_up,1.4395970517481187,0.03988561107766406,26,1.399183749842549
1,Exp391_CD8---GSE132110_Tim3pos_vs_Tim3neg---Tim3neg,-2.1856546743649647,0.04236111111111111,44,1.3730326570844826
1,Exp391_CD8---Texprog2_dn,1.548301618852256,0.0458163228221498,39,1.3389797698418118
1,Exp391_CD8---best_cluster_1,1.5305780962599795,0.07687745570464823,50,1.1142009982806689
1,Exp391_CD8---best_cluster_10,1.4423484343897728,0.07717546512116248,34,1.1125207444316063
1,Exp391_CD8---klf2_repressed,-1.3883266117944648,0.0874690932202733,40,1.058145375720801
1,Exp391_CD8---EXH_dn,-2.0516575031833817,0.10166666666666666,36,0.9928214153728766
1,Exp391_CD8---GSE68056_WT_vs_Tbx21KO---WT,1.3178564503161572,0.11886993720651469,25,0.924927966711492
1,Exp391_CD8---JJM_TrmSignature,1.347977036307145,0.12099696905095146,33,0.9172255085342392
1,Exp391_CD8---GSE68056_WT_vs_Il2raKO---WT,1.2574046190433479,0.17218534676157154,27,0.7640038104396769
1,Exp391_CD8---d5_KLRG1lo_Runx3_promoted,-1.174719497433145,0.21382843623332115,17,0.6699345401094146
1,Exp391_CD8---JJM_CirculatingSignature,-1.1518446420684154,0.23440124132895218,23,0.6300400927354884
1,Exp391_CD8---TE_up,1.2423956905193512,0.238633709614636,25,0.6222682074990715
1,Exp391_CD8---MP_up,1.1018869991880134,0.4147569881641904,50,0.38220628789412864
1,Exp391_CD8---MP_dn,-1.036534031561397,0.4347126436781609,33,0.3617977281095976
1,Exp391_CD8---MEM_up,-0.9804509889616129,0.5642048922484624,19,0.24856315237544213
1,Exp391_CD8---d5_KLRG1hi_Runx3_repressed,0.8841376466997765,0.8347304191257376,22,0.07845375971340339
1,Exp391_CD8---EE_dn,-0.6884468819976821,0.9131756756756757,33,0.039445665360213156
10,Exp391_CD8---GSE132110_Tim3pos_vs_Tim3neg---Tim3pos,-2.403228914110601,7.850606813297127e-4,27,3.1050967731297514
10,Exp391_CD8---TE_biased,-3.0751258818689915,7.850606813297127e-4,61,3.1050967731297514
10,Exp391_CD8---Texterm_dn,-2.040403016271787,7.850606813297127e-4,32,3.1050967731297514
10,Exp391_CD8---NAV_dn,-2.6600758394797026,7.850606813297127e-4,45,3.1050967731297514
10,Exp391_CD8---Act48h_up,-2.3728789948261184,7.850606813297127e-4,36,3.1050967731297514
10,Exp391_CD8---MEM_dn,-2.4012444815727285,7.850606813297127e-4,33,3.1050967731297514
10,Exp391_CD8---d5_KLRG1hi_Runx3_promoted,-1.8891935278008627,7.850606813297127e-4,25,3.1050967731297514
10,Exp391_CD8---DP_up,-1.9212967456143517,7.850606813297127e-4,15,3.1050967731297514
10,Exp391_CD8---Yao_EXH,-2.209850560948877,7.850606813297127e-4,37,3.1050967731297514
10,Exp391_CD8---Tim3posBlimp1pos,-2.1954316263604907,7.850606813297127e-4,37,3.1050967731297514
10,Exp391_CD8---Texprog2_up,-2.6746262025901286,7.850606813297127e-4,62,3.1050967731297514
10,Exp391_CD8---best_cluster_2,-2.7414932631760536,7.850606813297127e-4,71,3.1050967731297514
10,Exp391_CD8---best_cluster_3,-2.7288664754512917,7.850606813297127e-4,78,3.1050967731297514
10,Exp391_CD8---TE_up,2.0887199264723453,9.293538705303412e-4,38,3.0318188879915557
10,Exp391_CD8---best_cluster_4,1.956223856770224,9.293538705303412e-4,43,3.0318188879915557
10,Exp391_CD8---best_cluster_7,2.15410358648047,9.293538705303412e-4,30,3.0318188879915557
10,Exp391_CD8---JJM_CirculatingSignature,2.044161704999138,9.293538705303412e-4,47,3.0318188879915557
10,Exp391_CD8---TRM_biased,2.587747735848929,9.486780715396578e-4,49,3.0228811379134553
10,Exp391_CD8---best_cluster_8,2.6762872000039626,9.486780715396578e-4,56,3.0228811379134553
10,Exp391_CD8---Texint_up,1.9479709175902482,9.486780715396578e-4,42,3.0228811379134553
10,Exp391_CD8---MEM_up,2.01108299404323,0.0010542689249913584,31,2.977048594301197
10,Exp391_CD8---klf2_promoted,1.8952930443933418,0.0010542689249913584,33,2.977048594301197
10,Exp391_CD8---Act48h_dn,2.8609792831640557,0.0011412108059567461,50,2.942634124725119
10,Exp391_CD8---NAV_up,2.5761929937723846,0.0011547781311525064,38,2.937501449254187
10,Exp391_CD8---d5_KLRG1lo_Runx3_repressed,2.226642733142574,0.0012304589006555725,44,2.909932887866573
10,Exp391_CD8---GSE68056_WT_vs_Tbx21KO---WT,1.667770855369876,0.001401107104302088,31,2.8535286648359364
10,Exp391_CD8---Texterm_up,1.5880660894366105,0.0014303635702812656,34,2.844553559389388
10,Exp391_CD8---d5_KLRG1hi_Runx3_repressed,1.6255867545119385,0.001665574486675404,30,2.7784359403197008
10,Exp391_CD8---Tox_repressed,1.6467666703165913,0.003098774713998334,26,2.5088099965338273
10,Exp391_CD8---Tcf7_repressed,1.562792193057733,0.005729492798998121,33,2.2418838220720345
10,Exp391_CD8---GSE68056_WT_vs_Il2raKO---WT,1.4919166041079155,0.010661850384525752,32,1.9721674161302047
10,Exp391_CD8---Texprog2_dn,1.6394209994415663,0.010661850384525752,35,1.9721674161302047
10,Exp391_CD8---TE_dn,-1.5974207615494533,0.013386195394563594,19,1.8733428400107326
10,Exp391_CD8---best_cluster_10,1.567034113033182,0.014849732217943612,34,1.828281377815995
10,Exp391_CD8---best_cluster_1,-1.634621978699841,0.02920797656602073,64,1.5344985284988921
10,Exp391_CD8---Tim3negBlimp1neg,1.3787262970614926,0.039910597451412615,27,1.3989117708902539
10,Exp391_CD8---Yao_PRO,1.3787262970614926,0.039910597451412615,27,1.3989117708902539
10,Exp391_CD8---d5_KLRG1lo_Runx3_promoted,-1.500745407851063,0.039910597451412615,21,1.3989117708902539
10,Exp391_CD8---best_cluster_6,1.4421256137727887,0.06636253260725834,40,1.1780770482599576
10,Exp391_CD8---klf2_repressed,-1.4456849333285753,0.07016129032258064,27,1.1539024325436165
10,Exp391_CD8---Yao_MP,1.3457524000889876,0.07133311059137988,30,1.1467088374791488
10,Exp391_CD8---MP_up,-1.5045089784369516,0.08372927885123006,56,1.077122649294276
10,Exp391_CD8---Texprog1_dn,1.2847447188674124,0.11028959484060168,36,0.9574654586973341
10,Exp391_CD8---GSE68056_WT_vs_Il2raKO---Il2raKO,-1.2406046872532992,0.21157539038659065,17,0.6745348491173047
10,Exp391_CD8---Texprog1_up,-1.2238224994486515,0.21272287530232295,25,0.6721858054268969
10,Exp391_CD8---Texint_dn,-1.2232328402521686,0.21272287530232295,24,0.6721858054268969
10,Exp391_CD8---Tcf7_promoted,-1.166652103420817,0.26749273538345975,27,0.5726880081314181
10,Exp391_CD8---best_cluster_9,-1.148396287663899,0.342023334542377,22,0.4659442631915668
10,Exp391_CD8---JJM_TrmSignature,-1.1096980365016762,0.3596416480504825,21,0.4441300208566067
10,Exp391_CD8---MP_dn,1.108598590346426,0.3818005415162455,30,0.4181634599723403
10,Exp391_CD8---GSE68056_WT_vs_Blimp1KO---Blimp1KO,-1.0873409525058226,0.4315210089335753,24,0.3649980554718011
10,Exp391_CD8---EE_up,-1.0008149664971993,0.5363392238392238,15,0.270560440825439
10,Exp391_CD8---best_cluster_5,0.9352366116396451,0.6390341666733206,19,0.19447592118274956
10,Exp391_CD8---EE_dn,-0.9171066490104283,0.662471575315612,26,0.17883275127555093
10,Exp391_CD8---GSE68056_WT_vs_Blimp1KO---WT,-0.9011406645091584,0.6768533790070201,11,0.16950539864802286
10,Exp391_CD8---Tox_promoted,-0.9189548844593202,0.6768533790070201,24,0.16950539864802286
10,Exp391_CD8---GSE132110_Tim3pos_vs_Tim3neg---Tim3neg,0.9547737936270974,0.7340401114815017,18,0.1342802074965904
10,Exp391_CD8---GSE68056_WT_vs_Tbx21KO---Tbx21KO,-0.8650286082671279,0.7340401114815017,16,0.1342802074965904
10,Exp391_CD8---DP_dn,-0.5570265519884928,1,30,-0
10,Exp391_CD8---EXH_up,-0.6880373383806284,1,15,-0
10,Exp391_CD8---EXH_dn,-0.67646530787949,1,26,-0
2,Exp391_CD8---d5_KLRG1hi_Runx3_repressed,1.6683161263137094,4.7423578070093607e-4,28,3.32400568195896
2,Exp391_CD8---GSE132110_Tim3pos_vs_Tim3neg---Tim3pos,1.6843348443766735,4.7423578070093607e-4,22,3.32400568195896
2,Exp391_CD8---Act48h_dn,2.0675749169792894,4.7423578070093607e-4,30,3.32400568195896
2,Exp391_CD8---klf2_promoted,1.9148176737277651,4.7423578070093607e-4,32,3.32400568195896
2,Exp391_CD8---Tcf7_repressed,2.3351233316317166,4.7423578070093607e-4,36,3.32400568195896
2,Exp391_CD8---Texint_up,3.0089905999342244,4.7423578070093607e-4,67,3.32400568195896
2,Exp391_CD8---GSE68056_WT_vs_Tbx21KO---WT,2.75378283294628,4.7423578070093607e-4,49,3.32400568195896
2,Exp391_CD8---best_cluster_8,2.7662161479778073,4.7423578070093607e-4,56,3.32400568195896
2,Exp391_CD8---Tox_repressed,2.22752148737791,4.7423578070093607e-4,27,3.32400568195896
2,Exp391_CD8---GSE68056_WT_vs_Il2raKO---WT,2.343887637370925,4.7423578070093607e-4,31,3.32400568195896
2,Exp391_CD8---Texprog1_dn,2.4722632627946184,4.7423578070093607e-4,45,3.32400568195896
2,Exp391_CD8---best_cluster_10,2.604856735741188,4.7423578070093607e-4,64,3.32400568195896
2,Exp391_CD8---JJM_CirculatingSignature,1.9652368662897088,4.7423578070093607e-4,39,3.32400568195896
2,Exp391_CD8---TE_up,2.633981805472091,4.7423578070093607e-4,57,3.32400568195896
2,Exp391_CD8---best_cluster_6,2.4934089135643243,4.7423578070093607e-4,68,3.32400568195896
2,Exp391_CD8---Texprog2_dn,2.1484307455912264,4.7423578070093607e-4,39,3.32400568195896
2,Exp391_CD8---GSE68056_WT_vs_Blimp1KO---WT,2.252315650490071,4.7423578070093607e-4,43,3.32400568195896
2,Exp391_CD8---best_cluster_5,-2.2887289518595093,4.7423578070093607e-4,76,3.32400568195896
2,Exp391_CD8---best_cluster_3,-2.747745791021846,4.7423578070093607e-4,77,3.32400568195896
2,Exp391_CD8---best_cluster_4,-2.7075390744427215,4.7423578070093607e-4,74,3.32400568195896
2,Exp391_CD8---GSE68056_WT_vs_Il2raKO---Il2raKO,-2.3375204722990635,4.7423578070093607e-4,45,3.32400568195896
2,Exp391_CD8---best_cluster_7,-2.004381367403826,4.7423578070093607e-4,35,3.32400568195896
2,Exp391_CD8---Texint_dn,-2.849339695190317,4.7423578070093607e-4,70,3.32400568195896
2,Exp391_CD8---TE_dn,-2.577723482554564,4.7423578070093607e-4,60,3.32400568195896
2,Exp391_CD8---best_cluster_2,-2.8770341921956426,4.7423578070093607e-4,76,3.32400568195896
2,Exp391_CD8---GSE68056_WT_vs_Tbx21KO---Tbx21KO,-2.1321179362213982,4.7423578070093607e-4,35,3.32400568195896
2,Exp391_CD8---Texprog1_up,-2.706676989402419,4.7423578070093607e-4,61,3.32400568195896
2,Exp391_CD8---Texprog2_up,-2.8046340689260187,4.7423578070093607e-4,73,3.32400568195896
2,Exp391_CD8---Yao_MP,-2.892446711371844,4.7423578070093607e-4,69,3.32400568195896
2,Exp391_CD8---Tcf7_promoted,-2.5084834831857665,4.7423578070093607e-4,51,3.32400568195896
2,Exp391_CD8---DP_up,-1.810059787226662,4.7423578070093607e-4,32,3.32400568195896
2,Exp391_CD8---Tim3negBlimp1neg,-2.5565916834735734,4.7423578070093607e-4,50,3.32400568195896
2,Exp391_CD8---Yao_PRO,-2.5565916834735734,4.7423578070093607e-4,50,3.32400568195896
2,Exp391_CD8---Tox_promoted,-2.441543806570763,4.7423578070093607e-4,49,3.32400568195896
2,Exp391_CD8---MEM_dn,-2.0872927824056253,4.7423578070093607e-4,32,3.32400568195896
2,Exp391_CD8---TE_biased,-2.6521851638302802,4.7423578070093607e-4,57,3.32400568195896
2,Exp391_CD8---NAV_up,-1.7534727632450322,5.740420085823985e-4,33,3.2410563246264905
2,Exp391_CD8---GSE132110_Tim3pos_vs_Tim3neg---Tim3neg,-2.3931613310363478,6.241303102234592e-4,44,3.2047247258582274
2,Exp391_CD8---GSE68056_WT_vs_Blimp1KO---Blimp1KO,-1.9437939659235044,0.0010455231043466338,49,2.9806663655441747
2,Exp391_CD8---EXH_dn,-1.2898919531279363,0.0013412489006156551,21,2.87249062100493
2,Exp391_CD8---Texterm_dn,-1.5844236372958254,0.0017008343847371027,42,2.7693379728639127
2,Exp391_CD8---MEM_up,1.503293965482434,0.0017398993140233033,23,2.759475883113542
2,Exp391_CD8---Texterm_up,1.5594532555871339,0.0022343749427670354,26,2.6508439476431715
2,Exp391_CD8---d5_KLRG1lo_Runx3_repressed,1.3997404246742784,0.0028679429796517096,20,2.542429487547052
2,Exp391_CD8---d5_KLRG1lo_Runx3_promoted,1.67560413561409,0.003233562408890404,34,2.490318752599912
2,Exp391_CD8---Yao_EXH,1.5859162939404976,0.003490850823354364,26,2.4570687097588064
2,Exp391_CD8---Act48h_up,-1.519492611299359,0.0038234053949332755,18,2.417549651379785
2,Exp391_CD8---best_cluster_9,1.751747260286184,0.004520177438858033,41,2.34484451669207
2,Exp391_CD8---Tim3posBlimp1pos,1.5620138542580386,0.004520177438858033,25,2.34484451669207
2,Exp391_CD8---MP_dn,1.6959373429066655,0.008148014440433213,45,2.0889482099866865
2,Exp391_CD8---NAV_dn,1.489874825704296,0.00821849992793538,22,2.0852074443177573
2,Exp391_CD8---TRM_biased,-1.4682789771479148,0.010335479498475094,33,1.9856693701531736
2,Exp391_CD8---d5_KLRG1hi_Runx3_promoted,-1.4249045706179009,0.012068715919509724,31,1.9183389352661533
2,Exp391_CD8---klf2_repressed,-1.5190708158862751,0.023517248026356137,37,1.6286135004910518
2,Exp391_CD8---EE_up,-1.3451201438787028,0.09659660904530946,22,1.0150381189132722
2,Exp391_CD8---JJM_TrmSignature,-1.10665851473613,0.28124556674705625,25,0.5509143145782336
2,Exp391_CD8---EXH_up,1.0747815686039315,0.31771355064728907,20,0.4979642618935213
2,Exp391_CD8---MP_up,-1.1210918233507357,0.37646222160549503,61,0.42427859920157734
2,Exp391_CD8---DP_dn,-1.0241212708382872,0.4393189627041864,21,0.3572200505019189
2,Exp391_CD8---best_cluster_1,1.0246915356887807,0.4417864800100895,28,0.3547875789735421
2,Exp391_CD8---EE_dn,-0.658078460958935,0.9560439560439561,23,0.019522139702475055
3,Exp391_CD8---d5_KLRG1hi_Runx3_repressed,-1.5878014625834933,0.00034336600001125793,33,3.4642427107433433
3,Exp391_CD8---GSE132110_Tim3pos_vs_Tim3neg---Tim3pos,-2.807033753285698,0.00034336600001125793,55,3.4642427107433433
3,Exp391_CD8---Act48h_dn,-2.0975514091194163,0.00034336600001125793,42,3.4642427107433433
3,Exp391_CD8---klf2_promoted,-2.1961630709609072,0.00034336600001125793,38,3.4642427107433433
3,Exp391_CD8---TE_biased,-2.316661521109794,0.00034336600001125793,52,3.4642427107433433
3,Exp391_CD8---NAV_dn,-2.951833268927056,0.00034336600001125793,74,3.4642427107433433
3,Exp391_CD8---Texterm_up,-1.93368880549405,0.00034336600001125793,34,3.4642427107433433
3,Exp391_CD8---GSE68056_WT_vs_Tbx21KO---WT,-2.637104031324971,0.00034336600001125793,53,3.4642427107433433
3,Exp391_CD8---Texint_up,-2.789045240520707,0.00034336600001125793,60,3.4642427107433433
3,Exp391_CD8---DP_up,-1.9186515844907763,0.00034336600001125793,48,3.4642427107433433
3,Exp391_CD8---Tcf7_repressed,-2.532953083010889,0.00034336600001125793,52,3.4642427107433433
3,Exp391_CD8---EXH_up,-2.0340822974084016,0.00034336600001125793,36,3.4642427107433433
3,Exp391_CD8---best_cluster_8,-2.2482527064503257,0.00034336600001125793,50,3.4642427107433433
3,Exp391_CD8---GSE68056_WT_vs_Il2raKO---WT,-2.0828470933438283,0.00034336600001125793,35,3.4642427107433433
3,Exp391_CD8---JJM_TrmSignature,-2.1275896171671094,0.00034336600001125793,56,3.4642427107433433
3,Exp391_CD8---Texprog1_dn,-2.5542008812544275,0.00034336600001125793,54,3.4642427107433433
3,Exp391_CD8---Texprog2_up,-1.8485844374055644,0.00034336600001125793,52,3.4642427107433433
3,Exp391_CD8---Yao_EXH,-2.595295099010829,0.00034336600001125793,69,3.4642427107433433
3,Exp391_CD8---d5_KLRG1lo_Runx3_promoted,-1.989547101184575,0.00034336600001125793,50,3.4642427107433433
3,Exp391_CD8---Tim3posBlimp1pos,-2.587296682161058,0.00034336600001125793,69,3.4642427107433433
3,Exp391_CD8---best_cluster_10,-2.5221140099482167,0.00034336600001125793,76,3.4642427107433433
3,Exp391_CD8---EE_up,-2.178704430164117,0.00034336600001125793,50,3.4642427107433433
3,Exp391_CD8---best_cluster_6,-2.655521124932209,0.00034336600001125793,87,3.4642427107433433
3,Exp391_CD8---TE_up,-2.355866653221374,0.00034336600001125793,47,3.4642427107433433
3,Exp391_CD8---Texprog2_dn,-2.204776896699614,0.00034336600001125793,54,3.4642427107433433
3,Exp391_CD8---best_cluster_3,-2.4990566971776937,0.00034336600001125793,78,3.4642427107433433
3,Exp391_CD8---best_cluster_9,-2.2796284571343106,0.00034336600001125793,71,3.4642427107433433
3,Exp391_CD8---GSE68056_WT_vs_Blimp1KO---WT,-2.168305247899305,0.00034336600001125793,61,3.4642427107433433
3,Exp391_CD8---best_cluster_1,-1.9594649388820446,0.00034336600001125793,68,3.4642427107433433
3,Exp391_CD8---GSE68056_WT_vs_Blimp1KO---Blimp1KO,1.9781567785977916,0.00034336600001125793,26,3.4642427107433433
3,Exp391_CD8---TE_dn,2.3568875781947054,0.00034336600001125793,44,3.4642427107433433
3,Exp391_CD8---best_cluster_7,2.313567926222122,0.00034336600001125793,50,3.4642427107433433
3,Exp391_CD8---best_cluster_4,2.680161012426975,0.00034336600001125793,65,3.4642427107433433
3,Exp391_CD8---GSE68056_WT_vs_Il2raKO---Il2raKO,2.3376766290039495,0.00034336600001125793,38,3.4642427107433433
3,Exp391_CD8---GSE68056_WT_vs_Tbx21KO---Tbx21KO,2.0217977604385378,0.00034336600001125793,32,3.4642427107433433
3,Exp391_CD8---Yao_MP,2.403771307700545,0.00034336600001125793,45,3.4642427107433433
3,Exp391_CD8---Texint_dn,1.8926526838891007,0.00034336600001125793,37,3.4642427107433433
3,Exp391_CD8---Tim3negBlimp1neg,2.3749296348214264,0.00034336600001125793,31,3.4642427107433433
3,Exp391_CD8---Yao_PRO,2.3749296348214264,0.00034336600001125793,31,3.4642427107433433
3,Exp391_CD8---Tox_promoted,2.383551091323179,0.00034336600001125793,28,3.4642427107433433
3,Exp391_CD8---Tcf7_promoted,2.1582867438307507,0.00034336600001125793,32,3.4642427107433433
3,Exp391_CD8---NAV_up,2.7115951384801074,3.6993911166096597e-4,41,3.4318697506511207
3,Exp391_CD8---GSE132110_Tim3pos_vs_Tim3neg---Tim3neg,2.3217654701634696,3.8371778500481224e-4,32,3.415988071141926
3,Exp391_CD8---EXH_dn,2.1306181174784133,4.0871569468267584e-4,27,3.3885786850600965
3,Exp391_CD8---Texterm_dn,-1.639060962231846,4.718258111923271e-4,40,3.326218304756524
3,Exp391_CD8---best_cluster_5,1.923754745762073,0.0011046122086811655,47,2.956790161063853
3,Exp391_CD8---MEM_dn,-1.6384057720903493,0.0011418901464240118,35,2.942375674633662
3,Exp391_CD8---Texprog1_up,1.6643314353770424,0.0014117233207435382,34,2.85025041096728
3,Exp391_CD8---d5_KLRG1lo_Runx3_repressed,1.3250882003384823,0.002926111682594166,24,2.5337091019261093
3,Exp391_CD8---klf2_repressed,1.5692270085791862,0.0130314035462508,31,1.8850088061166752
3,Exp391_CD8---best_cluster_2,1.4970987909508329,0.016999560206049997,24,1.769562314066215
3,Exp391_CD8---EE_dn,1.5695522872272503,0.01793619419442312,31,1.746269702635486
3,Exp391_CD8---DP_dn,1.5568641133645749,0.019285410291226716,32,1.7147711172169031
3,Exp391_CD8---TRM_biased,-1.3344362407190138,0.045500656402912044,35,1.3419823380658253
3,Exp391_CD8---MP_up,-1.3275461259048895,0.169288104929896,47,0.7713735566270223
3,Exp391_CD8---d5_KLRG1hi_Runx3_promoted,-1.1226207750907853,0.2416979671598609,23,0.6167270022815001
3,Exp391_CD8---JJM_CirculatingSignature,-1.1343945938162396,0.2524626904009658,41,0.5978027939817975
3,Exp391_CD8---Act48h_up,-1.0655017435895557,0.3239480067017886,14,0.4895246879862184
3,Exp391_CD8---Tox_repressed,1.0171861707645973,0.41105931218203096,9,0.3860955087933152
3,Exp391_CD8---MEM_up,-0.9640674897680963,0.5722108553566353,23,0.2424439074941132
3,Exp391_CD8---MP_dn,0.6352479909278264,0.9584129004880119,23,0.018447349198241574
4,Exp391_CD8---GSE132110_Tim3pos_vs_Tim3neg---Tim3pos,2.4985684162648676,7.475398585801645e-4,33,3.1263656459467803
4,Exp391_CD8---Texterm_dn,1.8339096577665637,7.475398585801645e-4,29,3.1263656459467803
4,Exp391_CD8---TE_biased,2.699953798486808,7.475398585801645e-4,60,3.1263656459467803
4,Exp391_CD8---NAV_dn,2.463683749269026,7.475398585801645e-4,51,3.1263656459467803
4,Exp391_CD8---MEM_dn,2.143999704603481,7.475398585801645e-4,29,3.1263656459467803
4,Exp391_CD8---Act48h_up,2.042043276656793,7.475398585801645e-4,24,3.1263656459467803
4,Exp391_CD8---DP_up,2.07470307265124,7.475398585801645e-4,14,3.1263656459467803
4,Exp391_CD8---d5_KLRG1hi_Runx3_promoted,1.8949676415043202,7.475398585801645e-4,33,3.1263656459467803
4,Exp391_CD8---Yao_EXH,2.2932551134889128,7.475398585801645e-4,42,3.1263656459467803
4,Exp391_CD8---Tim3posBlimp1pos,2.2842390001103925,7.475398585801645e-4,41,3.1263656459467803
4,Exp391_CD8---Texprog2_up,2.3184973984621418,7.475398585801645e-4,54,3.1263656459467803
4,Exp391_CD8---best_cluster_2,2.378937445459929,7.475398585801645e-4,60,3.1263656459467803
4,Exp391_CD8---best_cluster_3,2.3225548541023358,7.475398585801645e-4,65,3.1263656459467803
4,Exp391_CD8---best_cluster_1,1.8166038023078752,8.631424043468417e-4,60,3.063917546903549
4,Exp391_CD8---best_cluster_4,-2.157699255225693,0.0010543600380260997,53,2.977011062910956
4,Exp391_CD8---best_cluster_7,-2.1671697765672167,0.0010543600380260997,45,2.977011062910956
4,Exp391_CD8---Yao_MP,-1.9804398216817682,0.0010543600380260997,45,2.977011062910956
4,Exp391_CD8---TRM_biased,-2.5702401207316408,0.0010543600380260997,58,2.977011062910956
4,Exp391_CD8---Tim3negBlimp1neg,-2.2533581107083216,0.0010543600380260997,45,2.977011062910956
4,Exp391_CD8---Yao_PRO,-2.2533581107083216,0.0010543600380260997,45,2.977011062910956
4,Exp391_CD8---best_cluster_8,-1.928557288163908,0.0010543600380260997,43,2.977011062910956
4,Exp391_CD8---MEM_up,-1.8916430202979273,0.0013780950659678293,37,2.860720822195329
4,Exp391_CD8---best_cluster_9,1.8698669354705264,0.0013919737122341557,62,2.8563689664060963
4,Exp391_CD8---Texprog1_dn,1.7203024517659353,0.001482381530984204,23,2.8290400045375215
4,Exp391_CD8---Act48h_dn,-2.2295320659231974,0.001482381530984204,42,2.8290400045375215
4,Exp391_CD8---NAV_up,-2.442704160315191,0.0015971094936377442,36,2.7966653087503075
4,Exp391_CD8---d5_KLRG1lo_Runx3_repressed,-2.2636130615734427,0.0017405695371797065,48,2.7593086216125706
4,Exp391_CD8---GSE132110_Tim3pos_vs_Tim3neg---Tim3neg,-1.6495186000096989,0.0021275111607142855,31,2.672128152971264
4,Exp391_CD8---d5_KLRG1lo_Runx3_promoted,1.6933969859535594,0.0025956480343816988,41,2.585754197499149
4,Exp391_CD8---d5_KLRG1hi_Runx3_repressed,-1.3621219236317728,0.0034002229654403566,28,2.4684926036973063
4,Exp391_CD8---Tcf7_promoted,-1.5203309794853326,0.01202931041640719,27,1.9197592679995534
4,Exp391_CD8---JJM_CirculatingSignature,-1.5194863107138512,0.02186066513761468,41,1.660336628241706
4,Exp391_CD8---best_cluster_5,-1.5455626897722794,0.036475512605366196,37,1.4379985960728212
4,Exp391_CD8---EE_up,1.5380160438210795,0.03967410732017317,28,1.4014928362248946
4,Exp391_CD8---Texprog1_up,-1.4176428072864093,0.047156924554925095,35,1.3264545261464598
4,Exp391_CD8---Tcf7_repressed,1.3808915505114203,0.047156924554925095,26,1.3264545261464598
4,Exp391_CD8---GSE68056_WT_vs_Blimp1KO---Blimp1KO,-1.5109001117143668,0.04967946853439751,39,1.3038230588422066
4,Exp391_CD8---Texint_dn,-1.4186143302670913,0.05097600201822712,41,1.2926342286845007
4,Exp391_CD8---GSE68056_WT_vs_Blimp1KO---WT,1.4174149329903019,0.09191387354993365,30,1.0366189309269125
4,Exp391_CD8---best_cluster_6,1.3914034153293704,0.0978885135135135,31,1.009268266423305
4,Exp391_CD8---Texint_up,1.2979935421398263,0.10379083741400445,24,0.9838409840229743
4,Exp391_CD8---MP_up,1.4422628975951333,0.1508503781231054,52,0.8214535968806246
4,Exp391_CD8---JJM_TrmSignature,1.2531818582769458,0.1922090234788913,25,0.7162262277231385
4,Exp391_CD8---Tox_promoted,-1.1721539502300353,0.19407135530196182,24,0.7120385612233342
4,Exp391_CD8---GSE68056_WT_vs_Il2raKO---Il2raKO,-1.1706264589131805,0.25685017596782306,28,0.5903201324047856
4,Exp391_CD8---best_cluster_10,1.1032177657533195,0.4178195249660061,23,0.37901126903051974
4,Exp391_CD8---GSE68056_WT_vs_Il2raKO---WT,-1.0261202655858572,0.480727180459264,26,0.318101322036617
4,Exp391_CD8---TE_dn,-1.0232338460689334,0.4990161012858752,22,0.30188544117662514
4,Exp391_CD8---GSE68056_WT_vs_Tbx21KO---Tbx21KO,-1.0183850011986046,0.4990161012858752,20,0.30188544117662514
4,Exp391_CD8---TE_up,-0.9540589042741154,0.6502554550292708,24,0.18691599579618237
4,Exp391_CD8---DP_dn,-0.8937324439849114,0.7432752586982426,28,0.12885032325740334
4,Exp391_CD8---klf2_promoted,0.9144110714986109,0.7787058185900663,18,0.10862658018748193
4,Exp391_CD8---GSE68056_WT_vs_Tbx21KO---WT,0.8803287064868773,0.7951418642918351,19,0.09955538029613314
4,Exp391_CD8---Tox_repressed,-0.8797740598228238,0.8768040037243947,13,0.05709747574902885
4,Exp391_CD8---EXH_up,0.8412709263043548,0.8798748264861311,20,0.05557910743281899
4,Exp391_CD8---Texprog2_dn,0.7622967292609468,0.8976738138578283,18,0.04688144348417233
4,Exp391_CD8---Texterm_up,0.8067796680410088,0.90696532005561,17,0.04240931888966198
4,Exp391_CD8---klf2_repressed,-0.7694786850726486,0.9152870972477698,25,0.03844265982037512
4,Exp391_CD8---MP_dn,0.5815423002682102,1,21,-0
4,Exp391_CD8---EE_dn,0.40531988903187155,1,7,-0
4,Exp391_CD8---EXH_dn,-0.7257028714041168,1,10,-0
5,Exp391_CD8---GSE132110_Tim3pos_vs_Tim3neg---Tim3pos,2.52012887748189,5.355575065847235e-4,40,3.2711938890683334
5,Exp391_CD8---TE_biased,2.1969000456882415,5.355575065847235e-4,43,3.2711938890683334
5,Exp391_CD8---Texterm_dn,1.7929188831447445,5.355575065847235e-4,27,3.2711938890683334
5,Exp391_CD8---Tcf7_repressed,1.843767201197897,5.355575065847235e-4,32,3.2711938890683334
5,Exp391_CD8---NAV_dn,2.572410833116728,5.355575065847235e-4,56,3.2711938890683334
5,Exp391_CD8---Texint_up,2.034945640778154,5.355575065847235e-4,34,3.2711938890683334
5,Exp391_CD8---MEM_dn,1.890715412069511,5.355575065847235e-4,28,3.2711938890683334
5,Exp391_CD8---Act48h_up,1.7995114232267473,5.355575065847235e-4,22,3.2711938890683334
5,Exp391_CD8---DP_up,1.882228438627194,5.355575065847235e-4,12,3.2711938890683334
5,Exp391_CD8---Tim3posBlimp1pos,2.0681593742528372,5.355575065847235e-4,49,3.2711938890683334
5,Exp391_CD8---Yao_EXH,2.081772358141727,5.355575065847235e-4,50,3.2711938890683334
5,Exp391_CD8---Texprog2_up,2.098218408938709,5.355575065847235e-4,45,3.2711938890683334
5,Exp391_CD8---Texprog1_dn,1.988111338000549,5.355575065847235e-4,28,3.2711938890683334
5,Exp391_CD8---best_cluster_2,2.1492391156236414,5.355575065847235e-4,53,3.2711938890683334
5,Exp391_CD8---d5_KLRG1lo_Runx3_promoted,2.0386937262403313,5.355575065847235e-4,38,3.2711938890683334
5,Exp391_CD8---best_cluster_3,2.1524032036632885,5.355575065847235e-4,58,3.2711938890683334
5,Exp391_CD8---GSE68056_WT_vs_Blimp1KO---WT,2.015489529048746,5.355575065847235e-4,35,3.2711938890683334
5,Exp391_CD8---EE_up,2.107963121861402,5.355575065847235e-4,46,3.2711938890683334
5,Exp391_CD8---best_cluster_6,2.050204281596697,5.355575065847235e-4,49,3.2711938890683334
5,Exp391_CD8---best_cluster_9,2.087524973843804,5.355575065847235e-4,60,3.2711938890683334
5,Exp391_CD8---best_cluster_7,-2.343629306775646,6.770330414322023e-4,46,3.169390135803013
5,Exp391_CD8---best_cluster_4,-2.2236386396693644,6.770330414322023e-4,54,3.169390135803013
5,Exp391_CD8---klf2_promoted,1.7647504662892628,6.770330414322023e-4,26,3.169390135803013
5,Exp391_CD8---Yao_MP,-2.1124772862844434,6.770330414322023e-4,44,3.169390135803013
5,Exp391_CD8---GSE68056_WT_vs_Tbx21KO---WT,1.745467701319684,6.770330414322023e-4,26,3.169390135803013
5,Exp391_CD8---Tim3negBlimp1neg,-2.321114206071564,6.770330414322023e-4,45,3.169390135803013
5,Exp391_CD8---Yao_PRO,-2.321114206071564,6.770330414322023e-4,45,3.169390135803013
5,Exp391_CD8---d5_KLRG1hi_Runx3_promoted,1.7219134394980828,9.517865501638322e-4,19,3.0214604365732995
5,Exp391_CD8---NAV_up,-2.577272524989759,9.517865501638322e-4,43,3.0214604365732995
5,Exp391_CD8---d5_KLRG1lo_Runx3_repressed,-1.920645366176665,0.00102280348759222,38,2.99020779977019
5,Exp391_CD8---Tcf7_promoted,-1.767303678999983,0.0011279585798816569,34,2.9477068479228126
5,Exp391_CD8---GSE132110_Tim3pos_vs_Tim3neg---Tim3neg,-1.8336397249874488,0.0011279585798816569,34,2.9477068479228126
5,Exp391_CD8---Tox_promoted,-1.7118856811669196,0.0011392818788812625,36,2.9433688103395275
5,Exp391_CD8---EXH_dn,-1.4055724271871353,0.0013172669949036884,18,2.8803261896082546
5,Exp391_CD8---Texprog1_up,-1.7029993902016118,0.0014395846444304596,36,2.8417627944688935
5,Exp391_CD8---GSE68056_WT_vs_Il2raKO---Il2raKO,-1.6526524732051902,0.004087376038595551,33,2.3885554053580247
5,Exp391_CD8---best_cluster_1,1.7811747218349274,0.004101900944006208,50,2.3870148315324826
5,Exp391_CD8---Texint_dn,-1.5690575558121094,0.005294985677497758,40,2.276135210285883
5,Exp391_CD8---best_cluster_5,-1.6870421972490082,0.009093619558735838,42,2.041263218923281
5,Exp391_CD8---GSE68056_WT_vs_Il2raKO---WT,1.5076414050572886,0.01024712557861729,21,1.9893979414780312
5,Exp391_CD8---Texterm_up,1.4474509874251422,0.014841482808351288,20,1.8285227066503942
5,Exp391_CD8---EXH_up,1.446530199751724,0.016070316616372083,25,1.7939755667096664
5,Exp391_CD8---GSE68056_WT_vs_Blimp1KO---Blimp1KO,-1.6041918960858708,0.0202568766093105,41,1.6934275173129787
5,Exp391_CD8---MP_up,1.5889396253521806,0.020852052974958006,38,1.6808511804118746
5,Exp391_CD8---Texprog2_dn,1.5516286855176478,0.021711061888264136,47,1.6633189346784514
5,Exp391_CD8---d5_KLRG1hi_Runx3_repressed,-1.1582337052150042,0.030040804840298297,24,1.5222884360813849
5,Exp391_CD8---TE_dn,-1.4101423728475795,0.03785018817812263,21,1.4219319569956888
5,Exp391_CD8---JJM_TrmSignature,1.3556003022884633,0.06943562049978821,26,1.1584176791442982
5,Exp391_CD8---best_cluster_10,1.2932892671795606,0.13336751232097377,27,0.8749499495653481
5,Exp391_CD8---DP_dn,-1.2674565016257284,0.17133240482822656,31,0.7661604892987268
5,Exp391_CD8---MP_dn,-1.2343371544873636,0.20383330180946976,43,0.6907248605132178
5,Exp391_CD8---JJM_CirculatingSignature,-1.154235681812739,0.22993159290799944,29,0.6384013519888675
5,Exp391_CD8---TE_up,1.1832024551277491,0.2487574531052792,23,0.6042238983450299
5,Exp391_CD8---EE_dn,-1.1703654877890999,0.2487574531052792,35,0.6042238983450299
5,Exp391_CD8---best_cluster_8,-1.088117216181349,0.2750921190122642,28,0.5605218513351888
5,Exp391_CD8---GSE68056_WT_vs_Tbx21KO---Tbx21KO,-1.0287133772928232,0.4060785130488552,21,0.3913899898529704
5,Exp391_CD8---MEM_up,-1.019970663065009,0.4060785130488552,20,0.3913899898529704
5,Exp391_CD8---Act48h_dn,1.0292896573166022,0.4060785130488552,19,0.3913899898529704
5,Exp391_CD8---TRM_biased,1.0342980998446156,0.4060785130488552,29,0.3913899898529704
5,Exp391_CD8---klf2_repressed,-0.7378139552875469,0.9249205184641721,26,0.033895586045315104
5,Exp391_CD8---Tox_repressed,0.6799422281564522,0.9845205891193267,18,0.006775197100863899
6,Exp391_CD8---d5_KLRG1hi_Runx3_repressed,-1.3888912652430327,3.5777126099706744e-4,30,3.4463945483177496
6,Exp391_CD8---GSE132110_Tim3pos_vs_Tim3neg---Tim3pos,-2.503972086417882,3.5777126099706744e-4,37,3.4463945483177496
6,Exp391_CD8---Act48h_dn,-2.304376520967727,3.5777126099706744e-4,46,3.4463945483177496
6,Exp391_CD8---klf2_promoted,-2.060581012735273,3.5777126099706744e-4,33,3.4463945483177496
6,Exp391_CD8---TE_biased,-2.414640920720635,3.5777126099706744e-4,48,3.4463945483177496
6,Exp391_CD8---Texterm_dn,-2.24853944909049,3.5777126099706744e-4,37,3.4463945483177496
6,Exp391_CD8---Texterm_up,-1.8306289882522635,3.5777126099706744e-4,30,3.4463945483177496
6,Exp391_CD8---Tcf7_repressed,-2.145039571484217,3.5777126099706744e-4,42,3.4463945483177496
6,Exp391_CD8---NAV_dn,-2.3716432319897325,3.5777126099706744e-4,51,3.4463945483177496
6,Exp391_CD8---Texint_up,-2.412825846912367,3.5777126099706744e-4,45,3.4463945483177496
6,Exp391_CD8---best_cluster_8,-2.1167511012490605,3.5777126099706744e-4,42,3.4463945483177496
6,Exp391_CD8---MEM_dn,-2.0887086819619487,3.5777126099706744e-4,34,3.4463945483177496
6,Exp391_CD8---GSE68056_WT_vs_Tbx21KO---WT,-1.87975496256165,3.5777126099706744e-4,30,3.4463945483177496
6,Exp391_CD8---DP_up,-1.8278478356683743,3.5777126099706744e-4,19,3.4463945483177496
6,Exp391_CD8---Yao_EXH,-2.610896807667274,3.5777126099706744e-4,49,3.4463945483177496
6,Exp391_CD8---Tim3posBlimp1pos,-2.6053984647330326,3.5777126099706744e-4,48,3.4463945483177496
6,Exp391_CD8---TRM_biased,-1.817316497835696,3.5777126099706744e-4,44,3.4463945483177496
6,Exp391_CD8---Texprog2_up,-2.532111960578061,3.5777126099706744e-4,58,3.4463945483177496
6,Exp391_CD8---Texprog1_dn,-2.273998110596696,3.5777126099706744e-4,49,3.4463945483177496
6,Exp391_CD8---JJM_TrmSignature,-1.8139233967956852,3.5777126099706744e-4,42,3.4463945483177496
6,Exp391_CD8---best_cluster_3,-2.6346274220957175,3.5777126099706744e-4,78,3.4463945483177496
6,Exp391_CD8---best_cluster_6,-2.252150166533213,3.5777126099706744e-4,61,3.4463945483177496
6,Exp391_CD8---EE_up,-2.2235033414750016,3.5777126099706744e-4,49,3.4463945483177496
6,Exp391_CD8---GSE68056_WT_vs_Blimp1KO---WT,-2.0484806761843597,3.5777126099706744e-4,41,3.4463945483177496
6,Exp391_CD8---best_cluster_9,-2.172354893761645,3.5777126099706744e-4,60,3.4463945483177496
6,Exp391_CD8---TE_up,-1.9054736518714837,6.351586334718187e-4,33,3.197117794334001
6,Exp391_CD8---best_cluster_5,2.0263483106183413,6.351586334718187e-4,44,3.197117794334001
6,Exp391_CD8---best_cluster_1,-1.9078039461088114,7.116026224306478e-4,55,3.147762460103204
6,Exp391_CD8---best_cluster_4,1.9381424863516383,7.940227012391961e-4,47,3.1001670808449715
6,Exp391_CD8---GSE68056_WT_vs_Il2raKO---Il2raKO,2.0415608840753547,7.940227012391961e-4,40,3.1001670808449715
6,Exp391_CD8---Texprog2_dn,-1.905274424312521,7.940227012391961e-4,41,3.1001670808449715
6,Exp391_CD8---best_cluster_2,2.5682734856587413,7.940227012391961e-4,44,3.1001670808449715
6,Exp391_CD8---best_cluster_7,1.8290937504172484,7.940227012391961e-4,41,3.1001670808449715
6,Exp391_CD8---TE_dn,2.122128092471708,8.379811522927714e-4,26,3.0767657493259266
6,Exp391_CD8---Tox_promoted,1.8398201775795187,0.0011734379809172054,34,2.9305398589901404
6,Exp391_CD8---Act48h_up,2.1721478948020314,0.0011734379809172054,23,2.9305398589901404
6,Exp391_CD8---EXH_up,-1.6135965668628436,0.0018751690726213019,28,2.726959568471662
6,Exp391_CD8---Tim3negBlimp1neg,1.6109021543543733,0.0019637194778437716,34,2.7069205521528827
6,Exp391_CD8---Yao_PRO,1.6109021543543733,0.0019637194778437716,34,2.7069205521528827
6,Exp391_CD8---Tcf7_promoted,1.6497363505998826,0.0024796747967479674,33,2.605605272092612
6,Exp391_CD8---best_cluster_10,-1.6969127777666095,0.0031642799479968745,37,2.499725100872231
6,Exp391_CD8---NAV_up,1.5703814605544724,0.00361288794124615,29,2.4421455084716035
6,Exp391_CD8---GSE68056_WT_vs_Il2raKO---WT,-1.5846806778813036,0.004353602564947186,22,2.36115121969743
6,Exp391_CD8---d5_KLRG1hi_Runx3_promoted,1.5076168818791622,0.005321933344965975,25,2.2739305691109637
6,Exp391_CD8---GSE132110_Tim3pos_vs_Tim3neg---Tim3neg,1.809283757194097,0.007572936064556177,36,2.1207357097444697
6,Exp391_CD8---klf2_repressed,1.6456481048686362,0.009355110804386165,43,2.028951064235751
6,Exp391_CD8---EXH_dn,2.2826257399785663,0.020601148260722728,36,1.686108572378532
6,Exp391_CD8---Texprog1_up,1.4701690936852538,0.020716891786989596,22,1.6836754024507932
6,Exp391_CD8---Texint_dn,1.421007925033451,0.03236399893888528,18,1.4899378217386472
6,Exp391_CD8---d5_KLRG1lo_Runx3_repressed,-1.2573773556749293,0.03961364570489108,24,1.4021551869656288
6,Exp391_CD8---JJM_CirculatingSignature,-1.4378783138714513,0.041585252428488526,24,1.3810606579423612
6,Exp391_CD8---EE_dn,1.4143405545585475,0.07162350850469663,38,1.1449444087233234
6,Exp391_CD8---Yao_MP,1.2814049404873258,0.07213382011894101,31,1.1418610674959908
6,Exp391_CD8---DP_dn,1.409461200602455,0.07213382011894101,24,1.1418610674959908
6,Exp391_CD8---d5_KLRG1lo_Runx3_promoted,1.249127613511751,0.1103065759981765,15,0.9573985960404022
6,Exp391_CD8---GSE68056_WT_vs_Blimp1KO---Blimp1KO,1.3121196184181938,0.13832199546485258,28,0.8591087544570716
6,Exp391_CD8---MP_up,-1.2877095382502284,0.2303526142087893,53,0.6376068546940912
6,Exp391_CD8---MEM_up,-1.1124284362604961,0.2657107958282439,19,0.57559079984872
6,Exp391_CD8---GSE68056_WT_vs_Tbx21KO---Tbx21KO,-0.8332030645793306,0.7869129467072493,13,0.10407330938910299
6,Exp391_CD8---MP_dn,0.6306291904104125,0.9780630770826848,23,0.009633135861089789
6,Exp391_CD8---Tox_repressed,-0.5121943875477363,0.9998809098487556,12,5.1723275461970954e-5
7,Exp391_CD8---d5_KLRG1hi_Runx3_repressed,1.6480588307470911,4.7473033760331225e-4,26,3.32355301384154
7,Exp391_CD8---GSE132110_Tim3pos_vs_Tim3neg---Tim3neg,2.5114176080941095,4.7473033760331225e-4,30,3.32355301384154
7,Exp391_CD8---d5_KLRG1lo_Runx3_repressed,2.2613408306223604,4.7473033760331225e-4,36,3.32355301384154
7,Exp391_CD8---Tox_promoted,2.5155349720549407,4.7473033760331225e-4,33,3.32355301384154
7,Exp391_CD8---Tim3negBlimp1neg,2.868981606399424,4.7473033760331225e-4,61,3.32355301384154
7,Exp391_CD8---Yao_PRO,2.868981606399424,4.7473033760331225e-4,61,3.32355301384154
7,Exp391_CD8---Tcf7_promoted,2.81231515104217,4.7473033760331225e-4,52,3.32355301384154
7,Exp391_CD8---TRM_biased,2.091296505382232,4.7473033760331225e-4,47,3.32355301384154
7,Exp391_CD8---GSE68056_WT_vs_Tbx21KO---Tbx21KO,2.036786626733561,4.7473033760331225e-4,24,3.32355301384154
7,Exp391_CD8---Yao_MP,2.636072479537156,4.7473033760331225e-4,55,3.32355301384154
7,Exp391_CD8---Texint_dn,2.6695606791598454,4.7473033760331225e-4,55,3.32355301384154
7,Exp391_CD8---Texprog1_up,2.7536717186335142,4.7473033760331225e-4,57,3.32355301384154
7,Exp391_CD8---TE_dn,2.254186393451293,4.7473033760331225e-4,40,3.32355301384154
7,Exp391_CD8---GSE68056_WT_vs_Il2raKO---Il2raKO,2.0871380967902846,4.7473033760331225e-4,28,3.32355301384154
7,Exp391_CD8---best_cluster_4,2.0065810928577,4.7473033760331225e-4,30,3.32355301384154
7,Exp391_CD8---DP_dn,1.94136911209287,4.7473033760331225e-4,35,3.32355301384154
7,Exp391_CD8---best_cluster_5,2.002895256713473,4.7473033760331225e-4,61,3.32355301384154
7,Exp391_CD8---GSE68056_WT_vs_Blimp1KO---Blimp1KO,2.1827871241687213,4.7473033760331225e-4,49,3.32355301384154
7,Exp391_CD8---GSE68056_WT_vs_Blimp1KO---WT,-2.4817785482511083,4.7473033760331225e-4,60,3.32355301384154
7,Exp391_CD8---best_cluster_6,-2.135973338331911,4.7473033760331225e-4,58,3.32355301384154
7,Exp391_CD8---Texprog2_dn,-2.096357069155788,4.7473033760331225e-4,58,3.32355301384154
7,Exp391_CD8---TE_up,-2.423223863726252,4.7473033760331225e-4,50,3.32355301384154
7,Exp391_CD8---best_cluster_3,-3.053293410824957,4.7473033760331225e-4,87,3.32355301384154
7,Exp391_CD8---best_cluster_10,-2.2786585884991664,4.7473033760331225e-4,44,3.32355301384154
7,Exp391_CD8---d5_KLRG1lo_Runx3_promoted,-2.10571364845993,4.7473033760331225e-4,52,3.32355301384154
7,Exp391_CD8---Texprog2_up,-2.3480058669534007,4.7473033760331225e-4,59,3.32355301384154
7,Exp391_CD8---Texprog1_dn,-2.793098981165933,4.7473033760331225e-4,61,3.32355301384154
7,Exp391_CD8---DP_up,-1.9560103314667596,4.7473033760331225e-4,17,3.32355301384154
7,Exp391_CD8---Tim3posBlimp1pos,-3.2613838465542484,4.7473033760331225e-4,79,3.32355301384154
7,Exp391_CD8---best_cluster_8,-2.2519819922775404,4.7473033760331225e-4,44,3.32355301384154
7,Exp391_CD8---Yao_EXH,-3.2655428027364723,4.7473033760331225e-4,79,3.32355301384154
7,Exp391_CD8---MEM_dn,-1.7359218327236878,4.7473033760331225e-4,29,3.32355301384154
7,Exp391_CD8---Tox_repressed,-2.1494960620933345,4.7473033760331225e-4,36,3.32355301384154
7,Exp391_CD8---GSE68056_WT_vs_Il2raKO---WT,-2.0099153286585145,4.7473033760331225e-4,27,3.32355301384154
7,Exp391_CD8---NAV_dn,-2.1894568823086678,4.7473033760331225e-4,38,3.32355301384154
7,Exp391_CD8---Texint_up,-3.1270402010726204,4.7473033760331225e-4,67,3.32355301384154
7,Exp391_CD8---Tcf7_repressed,-2.87785055696912,4.7473033760331225e-4,53,3.32355301384154
7,Exp391_CD8---GSE68056_WT_vs_Tbx21KO---WT,-2.399758702584528,4.7473033760331225e-4,43,3.32355301384154
7,Exp391_CD8---Texterm_up,-2.0418965513592444,4.7473033760331225e-4,36,3.32355301384154
7,Exp391_CD8---Texterm_dn,-1.7325833596162659,4.7473033760331225e-4,38,3.32355301384154
7,Exp391_CD8---TE_biased,-3.0431217331418368,4.7473033760331225e-4,60,3.32355301384154
7,Exp391_CD8---klf2_promoted,-1.575335877367321,5.022064150694857e-4,31,3.2991177440096267
7,Exp391_CD8---GSE132110_Tim3pos_vs_Tim3neg---Tim3pos,-3.2501314425576213,6.31613825094742e-4,52,3.1995483724942586
7,Exp391_CD8---klf2_repressed,1.7595719988630456,0.0013736418397793167,26,2.8621264894629332
7,Exp391_CD8---EE_up,1.7951126378990203,0.0013736418397793167,41,2.8621264894629332
7,Exp391_CD8---Act48h_dn,-1.4843527538798378,0.00152118183359767,25,2.8178188697023416
7,Exp391_CD8---best_cluster_9,-1.85208497025743,0.00152118183359767,47,2.8178188697023416
7,Exp391_CD8---d5_KLRG1hi_Runx3_promoted,-1.4742830081059974,0.008345771144278607,31,2.078533528579459
7,Exp391_CD8---JJM_CirculatingSignature,-1.5414873003902079,0.009797203246461227,39,2.008897882264373
7,Exp391_CD8---EXH_up,1.4589824766754476,0.012031204003532529,17,1.9196909091584344
7,Exp391_CD8---Act48h_up,1.3522271244582338,0.04174477074593115,21,1.3793979196635864
7,Exp391_CD8---best_cluster_2,1.388740593758446,0.05242169821819396,24,1.2804889140486255
7,Exp391_CD8---best_cluster_7,1.3243966221668464,0.08552814475481367,11,1.067890948425521
7,Exp391_CD8---NAV_up,1.1609991912470583,0.1266639529756107,21,0.8973469624739774
7,Exp391_CD8---MEM_up,1.1609397629855565,0.1538132753322627,21,0.8130061797833561
7,Exp391_CD8---JJM_TrmSignature,1.1882319185270709,0.18920081503282768,19,0.7230769970912174
7,Exp391_CD8---best_cluster_1,1.2287147086732106,0.2402356025076192,23,0.6193626304600681
7,Exp391_CD8---EXH_dn,1.024797573718337,0.39654757558660514,14,0.4017047009687199
7,Exp391_CD8---EE_dn,0.9699020234308091,0.5292764697843336,27,0.27631741315019104
7,Exp391_CD8---MP_up,-0.9180100892928558,0.6039790252930289,40,0.21897814309685704
7,Exp391_CD8---MP_dn,-0.7314377016569225,0.8817076079179585,11,0.054675411830461394
8,Exp391_CD8---GSE132110_Tim3pos_vs_Tim3neg---Tim3pos,1.8740298965906805,6.158816699480034e-4,28,3.2105027213179245
8,Exp391_CD8---Act48h_dn,1.8077526890442865,6.158816699480034e-4,30,3.2105027213179245
8,Exp391_CD8---klf2_promoted,1.8615254636119491,6.158816699480034e-4,31,3.2105027213179245
8,Exp391_CD8---EXH_up,2.478386355849143,6.158816699480034e-4,36,3.2105027213179245
8,Exp391_CD8---Texterm_up,2.302725191072473,6.158816699480034e-4,35,3.2105027213179245
8,Exp391_CD8---Texint_up,1.8275333152735256,6.158816699480034e-4,35,3.2105027213179245
8,Exp391_CD8---NAV_dn,2.4134479437962306,6.158816699480034e-4,42,3.2105027213179245
8,Exp391_CD8---Yao_EXH,1.7668477001437344,6.158816699480034e-4,32,3.2105027213179245
8,Exp391_CD8---Tim3posBlimp1pos,1.7508903089473664,6.158816699480034e-4,32,3.2105027213179245
8,Exp391_CD8---TRM_biased,1.9672772861067378,6.158816699480034e-4,41,3.2105027213179245
8,Exp391_CD8---Texprog1_dn,2.168490242886563,6.158816699480034e-4,34,3.2105027213179245
8,Exp391_CD8---d5_KLRG1lo_Runx3_promoted,2.0182231726108966,6.158816699480034e-4,39,3.2105027213179245
8,Exp391_CD8---best_cluster_6,2.1532117012299756,6.158816699480034e-4,51,3.2105027213179245
8,Exp391_CD8---Texprog2_dn,2.117188786498657,6.158816699480034e-4,44,3.2105027213179245
8,Exp391_CD8---EE_up,2.2960086072926345,6.158816699480034e-4,42,3.2105027213179245
8,Exp391_CD8---d5_KLRG1hi_Runx3_repressed,1.3864553297204798,7.841423282599753e-4,21,3.1056051021524747
8,Exp391_CD8---best_cluster_3,-2.6034339634425834,0.0010335129273830097,65,2.9856840867619043
8,Exp391_CD8---best_cluster_7,-2.0993288573630053,0.0010335129273830097,47,2.9856840867619043
8,Exp391_CD8---JJM_CirculatingSignature,-2.061733518394832,0.0010335129273830097,32,2.9856840867619043
8,Exp391_CD8---TE_dn,-1.8075157241862843,0.0010335129273830097,35,2.9856840867619043
8,Exp391_CD8---Texprog1_up,-1.9119878953880836,0.0010335129273830097,40,2.9856840867619043
8,Exp391_CD8---Yao_MP,-2.123289168646433,0.0010335129273830097,44,2.9856840867619043
8,Exp391_CD8---Tcf7_promoted,-1.8840788246226958,0.0010335129273830097,40,2.9856840867619043
8,Exp391_CD8---Texprog2_up,-2.6563274053876045,0.0010335129273830097,64,2.9856840867619043
8,Exp391_CD8---Tim3negBlimp1neg,-2.3718280420822277,0.0010335129273830097,49,2.9856840867619043
8,Exp391_CD8---Yao_PRO,-2.3718280420822277,0.0010335129273830097,49,2.9856840867619043
8,Exp391_CD8---DP_up,-1.7372506887407824,0.0010335129273830097,16,2.9856840867619043
8,Exp391_CD8---Texterm_dn,-2.4080127154728737,0.0012236464664700808,51,2.9123440395752414
8,Exp391_CD8---TE_biased,-2.7576557014661196,0.0012236464664700808,48,2.9123440395752414
8,Exp391_CD8---best_cluster_4,-1.9933246070929498,0.001353300055463117,52,2.8686059003836726
8,Exp391_CD8---Tox_promoted,-1.7190198122300295,0.001900281927072787,37,2.721181962052977
8,Exp391_CD8---NAV_up,-2.587967574825705,0.0021736031927023945,40,2.6628197366751793
8,Exp391_CD8---d5_KLRG1lo_Runx3_repressed,-1.6601641114715495,0.0024335268186623585,28,2.6137638632553237
8,Exp391_CD8---GSE68056_WT_vs_Il2raKO---Il2raKO,-1.747611998846649,0.0024335268186623585,36,2.6137638632553237
8,Exp391_CD8---GSE132110_Tim3pos_vs_Tim3neg---Tim3neg,-2.2249509940361407,0.003251599147121535,41,2.4879029990322787
8,Exp391_CD8---Tcf7_repressed,1.5704783314799753,0.0033905841809793785,25,2.4697254685466747
8,Exp391_CD8---JJM_TrmSignature,-1.6791419746738148,0.003563777994157741,43,2.4480893582028673
8,Exp391_CD8---Texint_dn,-1.6188506484531917,0.003563777994157741,37,2.4480893582028673
8,Exp391_CD8---GSE68056_WT_vs_Blimp1KO---Blimp1KO,-1.8727305317365146,0.003563777994157741,45,2.4480893582028673
8,Exp391_CD8---EXH_dn,-1.4659433350248134,0.00527681660899654,26,2.277627999073743
8,Exp391_CD8---MEM_dn,-1.498455908367305,0.005772278867308557,26,2.2386526956645225
8,Exp391_CD8---Tox_repressed,-1.5057801729026832,0.007399810317827918,36,2.130779412563139
8,Exp391_CD8---best_cluster_10,1.6374622033225772,0.00785969935576235,38,2.1045940660001086
8,Exp391_CD8---best_cluster_9,1.734093518918699,0.00785969935576235,32,2.1045940660001086
8,Exp391_CD8---GSE68056_WT_vs_Il2raKO---WT,1.4844809776128782,0.012700824399988745,20,1.8961680884341259
8,Exp391_CD8---d5_KLRG1hi_Runx3_promoted,1.489199103463052,0.013811629610165984,15,1.8597550767472817
8,Exp391_CD8---best_cluster_1,1.6176398891890853,0.023843062059810464,48,1.6226379708159115
8,Exp391_CD8---MEM_up,-1.2671670975195681,0.025729091347312605,23,1.5895755511319116
8,Exp391_CD8---GSE68056_WT_vs_Blimp1KO---WT,1.5050485194401089,0.040670576086383504,30,1.3907196759021372
8,Exp391_CD8---best_cluster_2,-1.3794405882896226,0.04634587554269175,34,1.3339889089574746
8,Exp391_CD8---GSE68056_WT_vs_Tbx21KO---WT,1.3505307956430896,0.05157220433778818,24,1.2875843052565026
8,Exp391_CD8---GSE68056_WT_vs_Tbx21KO---Tbx21KO,-1.2785085942210739,0.08334312746077453,29,1.0791302066208528
8,Exp391_CD8---best_cluster_8,1.2213429208760394,0.14801778656596168,26,0.8296860944474979
8,Exp391_CD8---MP_up,1.3818056343261291,0.15010597406329707,36,0.8236020229393113
8,Exp391_CD8---MP_dn,-1.1727825486721501,0.23005431196385973,14,0.6381696222359142
8,Exp391_CD8---TE_up,1.1495091611989114,0.2802130437551748,17,0.5525116524226698
8,Exp391_CD8---Act48h_up,1.0043841462602943,0.48730477851598386,11,0.31219932990138893
8,Exp391_CD8---klf2_repressed,-0.9951157836337371,0.4958956643002028,37,0.3046096888025151
8,Exp391_CD8---best_cluster_5,-0.9577140110599858,0.5360083889744907,46,0.27082841318629763
8,Exp391_CD8---DP_dn,0.7700557942525489,0.8162751503837378,3,0.08816342439423172
8,Exp391_CD8---EE_dn,-0.7391735006563165,0.8967013888888888,21,0.04735215756757268
9,Exp391_CD8---EXH_dn,2.021564132039339,2.9775851296469857e-4,24,3.526135813117252
9,Exp391_CD8---NAV_up,2.7551081686747345,2.9775851296469857e-4,46,3.526135813117252
9,Exp391_CD8---GSE132110_Tim3pos_vs_Tim3neg---Tim3neg,2.44857999622812,2.9775851296469857e-4,34,3.526135813117252
9,Exp391_CD8---d5_KLRG1lo_Runx3_repressed,1.5538765920741773,2.9775851296469857e-4,27,3.526135813117252
9,Exp391_CD8---best_cluster_7,2.4790567676928177,2.9775851296469857e-4,65,3.526135813117252
9,Exp391_CD8---Tim3negBlimp1neg,2.490633509872193,2.9775851296469857e-4,42,3.526135813117252
9,Exp391_CD8---Yao_PRO,2.490633509872193,2.9775851296469857e-4,42,3.526135813117252
9,Exp391_CD8---Tcf7_promoted,2.2579797791113645,2.9775851296469857e-4,34,3.526135813117252
9,Exp391_CD8---TE_dn,2.466684068367774,2.9775851296469857e-4,48,3.526135813117252
9,Exp391_CD8---Yao_MP,2.4814597359697936,2.9775851296469857e-4,52,3.526135813117252
9,Exp391_CD8---Texint_dn,2.2687468648465123,2.9775851296469857e-4,47,3.526135813117252
9,Exp391_CD8---Tox_promoted,2.1421729222738586,2.9775851296469857e-4,27,3.526135813117252
9,Exp391_CD8---Texprog1_up,2.181110307888504,2.9775851296469857e-4,45,3.526135813117252
9,Exp391_CD8---best_cluster_4,2.466485141176292,2.9775851296469857e-4,64,3.526135813117252
9,Exp391_CD8---GSE68056_WT_vs_Il2raKO---Il2raKO,2.3040817082022853,2.9775851296469857e-4,49,3.526135813117252
9,Exp391_CD8---best_cluster_5,2.1456492808564724,2.9775851296469857e-4,63,3.526135813117252
9,Exp391_CD8---GSE68056_WT_vs_Blimp1KO---WT,-2.1865467276534036,2.9775851296469857e-4,49,3.526135813117252
9,Exp391_CD8---best_cluster_6,-2.6637584528100446,2.9775851296469857e-4,89,3.526135813117252
9,Exp391_CD8---Texprog1_dn,-2.540838936932743,2.9775851296469857e-4,58,3.526135813117252
9,Exp391_CD8---TE_up,-2.3666831720653945,2.9775851296469857e-4,48,3.526135813117252
9,Exp391_CD8---best_cluster_10,-2.2925735355146233,2.9775851296469857e-4,63,3.526135813117252
9,Exp391_CD8---Texprog2_dn,-2.0432942998573083,2.9775851296469857e-4,52,3.526135813117252
9,Exp391_CD8---best_cluster_8,-2.3145134506549176,2.9775851296469857e-4,53,3.526135813117252
9,Exp391_CD8---best_cluster_3,-2.6214032036978705,2.9775851296469857e-4,83,3.526135813117252
9,Exp391_CD8---DP_up,-1.960782242355301,2.9775851296469857e-4,32,3.526135813117252
9,Exp391_CD8---best_cluster_9,-2.3251927920201894,2.9775851296469857e-4,76,3.526135813117252
9,Exp391_CD8---Texint_up,-2.698467865321139,2.9775851296469857e-4,58,3.526135813117252
9,Exp391_CD8---Tim3posBlimp1pos,-2.772792546695727,2.9775851296469857e-4,72,3.526135813117252
9,Exp391_CD8---EE_up,-2.2171388744947125,2.9775851296469857e-4,41,3.526135813117252
9,Exp391_CD8---Texprog2_up,-1.873566276116056,2.9775851296469857e-4,58,3.526135813117252
9,Exp391_CD8---Yao_EXH,-2.7778134496703166,2.9775851296469857e-4,72,3.526135813117252
9,Exp391_CD8---GSE68056_WT_vs_Tbx21KO---WT,-2.425134117669143,2.9775851296469857e-4,50,3.526135813117252
9,Exp391_CD8---GSE68056_WT_vs_Il2raKO---WT,-1.9375079589724145,2.9775851296469857e-4,37,3.526135813117252
9,Exp391_CD8---MEM_dn,-1.8802715689170089,2.9775851296469857e-4,35,3.526135813117252
9,Exp391_CD8---TE_biased,-2.435027263951483,2.9775851296469857e-4,52,3.526135813117252
9,Exp391_CD8---NAV_dn,-2.935188857087663,2.9775851296469857e-4,73,3.526135813117252
9,Exp391_CD8---d5_KLRG1lo_Runx3_promoted,-2.006712468641632,2.9775851296469857e-4,49,3.526135813117252
9,Exp391_CD8---EXH_up,-1.7395731342381884,2.9775851296469857e-4,32,3.526135813117252
9,Exp391_CD8---Act48h_dn,-2.0502968403124076,2.9775851296469857e-4,41,3.526135813117252
9,Exp391_CD8---Tcf7_repressed,-1.934371690897284,2.9775851296469857e-4,42,3.526135813117252
9,Exp391_CD8---klf2_promoted,-1.873966416140992,2.9775851296469857e-4,34,3.526135813117252
9,Exp391_CD8---Texterm_up,-1.8636207484584004,2.9775851296469857e-4,34,3.526135813117252
9,Exp391_CD8---GSE132110_Tim3pos_vs_Tim3neg---Tim3pos,-2.7864199684387505,2.9775851296469857e-4,51,3.526135813117252
9,Exp391_CD8---d5_KLRG1hi_Runx3_repressed,-1.4007821447771756,2.9775851296469857e-4,27,3.526135813117252
9,Exp391_CD8---best_cluster_1,-1.890771778087496,5.203401830573824e-4,54,3.283712634595534
9,Exp391_CD8---GSE68056_WT_vs_Blimp1KO---Blimp1KO,1.9032333289811305,5.203401830573824e-4,43,3.283712634595534
9,Exp391_CD8---GSE68056_WT_vs_Tbx21KO---Tbx21KO,1.7341774324113841,0.0010302618300659114,32,2.9870523899527566
9,Exp391_CD8---Texterm_dn,-1.447802449432513,0.0055139462809917356,36,2.2585374692753133
9,Exp391_CD8---best_cluster_2,1.5416373356137472,0.011844420622560225,32,1.9264861782150886
9,Exp391_CD8---JJM_TrmSignature,1.3514718873796707,0.06140460397971127,26,1.2117990652102468
9,Exp391_CD8---DP_dn,1.3525305941205261,0.10465686274509803,31,0.9802322880648562
9,Exp391_CD8---JJM_CirculatingSignature,1.2801281846546428,0.1098617601246106,26,0.9591534473109972
9,Exp391_CD8---MP_dn,1.3302361004437928,0.12342187505876247,33,0.9086078599513844
9,Exp391_CD8---EE_dn,1.2601194377109888,0.17016567645059263,29,0.7691280355051257
9,Exp391_CD8---MP_up,-1.2703250177161578,0.2293893834730893,53,0.6394266858495206
9,Exp391_CD8---TRM_biased,-1.1271314451730765,0.23467991777172967,26,0.6295240726258539
9,Exp391_CD8---klf2_repressed,1.144366065215291,0.2654167899873788,36,0.5760716075897853
9,Exp391_CD8---Tox_repressed,-1.0821358463826038,0.30354994844770306,19,0.5177698365478434
9,Exp391_CD8---MEM_up,-1.0534671116530507,0.30668255291014396,24,0.5133109302137239
9,Exp391_CD8---d5_KLRG1hi_Runx3_promoted,-1.0375243588262568,0.3632301341589267,17,0.4398181288842669
9,Exp391_CD8---Act48h_up,-0.9107012040482022,0.6822042676610731,10,0.1660855681067842
