,initial_size_spliced,initial_size_unspliced,initial_size,n_counts,scanpy_paga,cell_type,louvain,dpt_pseudotime,velocity_self_transition
Exp391:AAAGAACTCGATACGTx,9857,3445,9857.0,2802.7893,Use,C5P,7,0.88795847,0.16260633
Exp391:AAACGCTGTCTGTGATx,15616,4670,15616.0,3066.976,Use,C5P,7,0.91958994,0.011628687
Exp391:AAACGAACAGTGCCTGx,28015,9645,28015.0,3268.313,Use,C5P,10,0.9126923000000001,0.1675955
Exp391:AAAGGATTCCGGCTTTx,32106,9718,32106.0,3282.3765,Use,C5P,10,0.9030599,0.19209698
Exp391:AAAGGGCCACGCTGACx,10119,4342,10119.0,2554.9827,Use,C8P,7,0.8881392,0.19664866
Exp391:AAAGTCCGTAAGATTGx,12198,3648,12198.0,2791.508,Use,C5P,7,0.88840353,0.052644372
Exp391:AACAGGGCAACGATTCx,10970,4088,10970.0,3004.7742,Use,C5P,7,0.92640954,0.0864656
Exp391:AACACACCAGACAATAx,6796,3978,6796.0,2678.8828,Use,C5P,7,0.90531576,0.17563763
Exp391:AACCAACCATCGTCCTx,11741,5303,11741.0,2978.42,Use,C5P,7,0.8915629999999999,0.1287823
Exp391:AACACACCAGACAAATx,11130,4518,11130.0,2888.199,Use,C5P,7,0.87760633,0.17899972
Exp391:AACCAACTCTCGGTAAx,14655,6211,14655.0,2895.6162,Use,C5P,7,0.88166577,0.18213856
Exp391:AACCTGAGTGGCCACTx,11657,2651,11657.0,2937.9092,Use,C5P,7,0.8765639000000001,0.1003221
Exp391:AACCAACGTTCCAGGCx,7118,4216,7118.0,2575.6309,Use,C8P,7,0.8862899999999999,0.12693322
Exp391:AACCAACTCGCGTAGCx,22605,7618,22605.0,3118.8884,Use,C5P,7,0.8828450000000001,0.0898779
Exp391:AACGGGACATATAGCCx,8842,3926,8842.0,2608.8025,Use,C8P,7,0.88630116,0.27987635
Exp391:AAGACAAAGGGAGAATx,40343,9681,40343.0,3365.9277,Use,C5P,10,0.8890515,0.10439229
Exp391:AAGAACATCCACGGACx,9699,3879,9699.0,2675.0178,Use,C5P,7,0.90727645,0.07010639
Exp391:AAGCGAGCATCCGGTGx,29550,7839,29550.0,3247.895,Use,C5P,7,0.8518058000000001,0.19591051
Exp391:AAGACAAGTGAAGCTGx,24036,5426,24036.0,3128.3608,Use,C5P,7,0.8651044,0.1549497
Exp391:AAGTACCTCCGGCAACx,10715,4530,10715.0,2835.2366,Use,C8P,7,0.8833646999999999,0.22098854
Exp391:AAGTGAATCTACTATCx,14652,8874,14652.0,3037.4277,Use,C8P,7,0.8938284,0.23128659
Exp391:AAGTGAAAGTAATACGx,18644,7013,18644.0,3016.1116,Use,C8P,7,0.8965732,0.10958901
Exp391:AAGTACCGTTGCAACTx,20209,6984,20209.0,3196.1907,Use,C5P,7,0.8951696,0.12231976
Exp391:AATCGTGTCATACGACx,7177,4151,7177.0,2614.9739,Use,C5P,7,0.88063115,0.14022937
Exp391:AATAGAGAGGCCACCTx,9672,4289,9672.0,2783.02,Use,C5P,7,0.8674271000000001,0.2588498
Exp391:AATAGAGAGTTCTACGx,15516,5234,15516.0,3124.0303,Use,C8P,7,0.89277214,0.11556634
Exp391:AAGTTCGTCCACGGACx,22460,5189,22460.0,3221.5405,Use,C5P,7,0.901338,0.19090211
Exp391:AATCGTGGTGTCTAACx,11806,4056,11806.0,2882.73,Use,C8P,7,0.8814306000000001,0.14284635
Exp391:AATCACGTCTCGCTCAx,5962,3439,5962.0,2697.3333,Use,C5P,7,0.8796252,0.1371325
Exp391:AATGCCATCTGTCAGAx,10483,5485,10483.0,2881.0386,Use,C8P,7,0.8973804,0.27970672
Exp391:AATGACCTCCTTTAGTx,14071,5707,14071.0,2828.444,Use,C8P,7,0.8877598,0.10300514
Exp391:AATTCCTAGACCAAATx,36583,4371,36583.0,3563.4167,Use,C5P,10,0.91893196,0.11407745
Exp391:AATGGCTGTTGATCGTx,8051,3280,8051.0,2763.5925,Use,C5P,7,0.88500625,0.17196035
Exp391:AATGGCTCACCATTCCx,13400,5499,13400.0,2933.8113,Use,C5P,7,0.88437605,0.16453418
Exp391:ACACCAAAGAAGAGCAx,10654,3081,10654.0,2791.2078,Use,C5P,7,0.8734271999999998,0.08816388
Exp391:ACAAGCTGTAAGTCAAx,9718,3823,9718.0,2732.7966,Use,C5P,7,0.87404984,0.15557009
Exp391:ACATCCCAGTAGTCCTx,31632,9177,31632.0,3282.1272,Use,C5P,10,0.9053258,0.11050737
Exp391:ACAGGGAAGGCTCACCx,34918,7285,34918.0,3405.5972,Use,C5P,10,0.90289676,0.076798886
Exp391:ACACTGAGTGTGACCCx,25591,8025,25591.0,3273.1775,Use,C5P,7,0.89973456,0.107551455
Exp391:ACATTTCTCATTGCTTx,8527,6056,8527.0,2810.9106,Use,C5P,7,0.8834885,0.23130602
Exp391:ACCAAACCATCCTAAGx,14714,5073,14714.0,3089.6746,Use,C5P,7,0.92062765,0.09911558
Exp391:ACATGCACAGAGTGTGx,11891,4525,11891.0,2811.8594,Use,C8P,7,0.8874927,0.15599757
Exp391:ACATCGAGTGCCTACGx,13558,3936,13558.0,2909.195,Use,C5P,7,0.90754116,0.09032807
Exp391:ACATCGAGTGTATTGCx,12339,3463,12339.0,2890.3435,Use,C5P,7,0.9194796000000001,0.174218
Exp391:ACCAACACAAGCAATAx,9734,4213,9734.0,2868.5132,Use,C5P,7,0.86769754,0.15363097
Exp391:ACCACAACACCAGGTCx,14210,5840,14210.0,2852.8137,Use,C5P,7,0.8801876000000001,0.19196224
Exp391:ACCGTTCAGACCCTTAx,33924,10367,33924.0,3444.173,Use,C5P,10,0.89798915,0.057882667
Exp391:ACCCAAACAAGCTACTx,26904,8040,26904.0,3283.3816,Use,C5P,7,0.8889075999999999,0.18083411
Exp391:ACCCAAAAGGCTCCCAx,11490,4969,11490.0,2892.2063,Use,C5P,7,0.89551634,0.010992676
Exp391:ACCCTTGGTAGACAATx,20136,6329,20136.0,3133.808,Use,C5P,7,0.9085295,0.12934521
Exp391:ACGATCAGTATCTCTTx,9740,4147,9740.0,2947.2625,Use,C5P,7,0.9074334000000001,0.09771836
Exp391:ACCTACCCATCTTAGGx,33594,10973,33594.0,3373.9172,Use,C5P,10,0.90344584,0.18281043
Exp391:ACCTGAATCGGCACTGx,31352,7796,31352.0,3364.93,Use,C5P,7,0.84203595,0.20937952
Exp391:ACGATCAGTGCCTATAx,9783,3917,9783.0,2871.5764,Use,C5P,7,0.88814634,0.163436
Exp391:ACGATCATCTGACAGTx,8656,3347,8656.0,2834.6252,Use,C5P,7,0.9104559000000001,0.17477387
Exp391:ACCTGAACAAGATTGAx,9952,4194,9952.0,2880.3333,Use,C8P,7,0.8946058000000001,0.20623887
Exp391:ACCTGAAGTACAGAGCx,9446,3559,9446.0,2842.5886,Use,C5P,7,0.88950866,0.18656322
Exp391:ACGGTTATCATTTCCAx,12595,4891,12595.0,2993.912,Use,C5P,7,0.8842443000000001,0.074223846
Exp391:ACGGTTAAGTCATCCAx,6175,3576,6175.0,2760.0498,Use,C5P,7,0.9175939000000001,0.089915544
Exp391:ACGGTCGTCTTTCGATx,42451,11498,42451.0,3474.8608,Use,C5P,10,0.88838816,0.08926731
Exp391:ACGGTTATCTACTATCx,34706,13099,34706.0,3321.4236,Use,C5P,10,0.8913898000000001,0.1138176
Exp391:ACTACGAAGGGCTTCCx,6646,2927,6646.0,2708.0806,Use,C5P,7,0.9138483000000001,0.19469807
Exp391:ACGTAACTCTGCGAGCx,8710,2980,8710.0,2760.9932,Use,C5P,7,0.9311866,0.16553938
Exp391:ACGTTCCAGAGCAGTCx,6584,2544,6584.0,2647.4683,Use,C5P,7,0.8833455,0.10264376
Exp391:ACTGATGAGGCGTTGAx,8605,3484,8605.0,2557.6584,Use,C8P,7,0.880072,0.2335349
Exp391:ACTATTCTCTGACCCTx,38917,13050,38917.0,3440.9114,Use,C5P,10,0.8625508,0.077403635
Exp391:ACTATCTGTAAGTAGTx,8199,3195,8199.0,2715.5417,Use,C5P,7,0.87584376,0.19315624
Exp391:ACTATCTGTTGTAAAGx,7061,3111,7061.0,2666.576,Use,C5P,7,0.88138384,0.17368743
Exp391:ACTGTGACACTACACAx,33335,9122,33335.0,3303.4607,Use,C5P,7,0.8627275,0.15260822
Exp391:ACTGTCCAGAGCAGAAx,9464,3888,9464.0,2799.1128,Use,C5P,7,0.88349444,0.17652634
Exp391:ACTGTCCGTGTATACCx,25816,6945,25816.0,3301.97,Use,C5P,7,0.8893761,0.062239885
Exp391:ACTGCAACAAAGTATGx,14766,5766,14766.0,2788.1301,Use,C8P,7,0.8980558000000001,0.25819373
Exp391:ACTTAGGAGCCTCCAGx,2586,1741,2586.0,2042.344,Use,C5P,7,0.8883036,0.11125404
Exp391:ACTTCCGGTTGTGCCGx,7767,3375,7767.0,2893.0186,Use,C5P,7,0.91362464,0.15695357
Exp391:ACTTCCGCAAGAGCTGx,7336,2402,7336.0,2745.8342,Use,C5P,7,0.9170905,0.13215435
Exp391:AGAAATGAGATGATTGx,26267,7414,26267.0,3283.2688,Use,C5P,7,0.8899610000000001,0.17908347
Exp391:ACTTTGTTCGTCAACAx,11430,4086,11430.0,2959.1675,Use,C5P,7,0.9279900999999999,0.0
Exp391:ACTTATCCAGGGTTGAx,13051,7175,13051.0,3089.3455,Use,C8P,7,0.88059455,0.15281153
Exp391:ACTTCGCCAGCAGTTTx,7527,3750,7527.0,2738.1367,Use,C5P,7,0.88141906,0.12981462
Exp391:ACTTTGTTCCAAGAGGx,32534,8758,32534.0,3378.9534,Use,C5P,10,0.9042633,0.08846438
Exp391:AGAACAAAGCTATCCAx,12459,4999,12459.0,2929.4802,Use,C5P,7,0.8871745000000001,0.13774967
Exp391:AGAAATGTCTAACACGx,6941,4020,6941.0,2671.3457,Use,C8P,7,0.8856314000000001,0.10740465
Exp391:AGAAGCGCATAATGCCx,6722,3202,6722.0,2584.2085,Use,C8P,7,0.89169085,0.17079356
Exp391:AGAAGTACACGCGCTAx,12409,3619,12409.0,2988.251,Use,C5P,7,0.8979485,0.09397215
Exp391:AGACACTGTGCTGATTx,8655,4528,8655.0,2655.0088,Use,C8P,7,0.8852984,0.20590466
Exp391:AGACACTGTTATTCTCx,38759,15166,38759.0,3459.0403,Use,C5P,10,0.88119125,0.131324
Exp391:AGACCATTCATACAGCx,13895,5989,13895.0,2912.0286,Use,C5P,7,0.885609,0.16452006
Exp391:AGACTCAGTCGAGTGAx,11340,3474,11340.0,2868.824,Use,C5P,7,0.8927421,0.17188206
Exp391:AGAGAGCCAGGTCAAGx,10481,3946,10481.0,2817.5496,Use,C5P,7,0.8769146999999999,0.27803165
Exp391:AGAGCAGCACCGCTGAx,12878,4712,12878.0,2700.176,Use,C5P,7,0.88141835,0.27351344
Exp391:AGAGAATCAGCGGTTCx,34807,9247,34807.0,3436.7415,Use,C5P,10,0.8992834999999999,0.120765686
Exp391:AGATAGACAGAAGCTGx,13332,4491,13332.0,2804.9275,Use,C8P,7,0.8964368,0.11761737
Exp391:AGATAGACATTCTCCGx,9777,4123,9777.0,2783.2798,Use,C5P,7,0.8803216999999999,0.15666905
Exp391:AGATGAACACGGTGTCx,14668,4723,14668.0,2993.1858,Use,C5P,7,0.88376004,0.1271956
Exp391:AGCCAATAGGTGCCTCx,11383,6394,11383.0,2954.428,Use,C8P,7,0.8977480999999999,0.24067792
Exp391:AGCATCAAGTGCAACGx,5948,2782,5948.0,2681.2434,Use,C8P,7,0.8892882,0.11401355
Exp391:AGATCCATCCATTGTTx,12230,6594,12230.0,3002.9873,Use,C5P,7,0.8765678,0.03594616
Exp391:AGCCAATGTTAAGTCCx,17000,5898,17000.0,3077.275,Use,C5P,7,0.89528966,0.009660095
Exp391:AGCGCCACAATTGTGCx,11559,4402,11559.0,2852.8035,Use,C5P,7,0.91635513,0.0
Exp391:AGCCAGCCACGCAAAGx,9223,3842,9223.0,2805.1387,Use,C5P,7,0.9125829,0.17640603
Exp391:AGCGCCATCACGGGAAx,11761,4245,11761.0,2881.0774,Use,C5P,7,0.88160294,0.21521029
Exp391:AGCCACGCAGCATGCCx,8308,4016,8308.0,2795.9832,Use,C5P,7,0.87806624,0.15698674
Exp391:AGGAATAGTAGCCCTGx,20009,5784,20009.0,3262.9622,Use,C5P,7,0.89453006,0.15323463
Exp391:AGGAAATAGGATCACGx,34528,8628,34528.0,3305.5903,Use,C5P,10,0.913106,0.0782201
Exp391:AGGAATAAGTATAGACx,10452,3776,10452.0,2673.7417,Use,C5P,7,0.8812581,0.2972389
Exp391:AGCTCAAAGATACATGx,8022,3327,8022.0,2664.7188,Use,C5P,7,0.92928123,0.20213601
Exp391:AGGAAATCATCGGATTx,13113,3707,13113.0,3035.2458,Use,C5P,7,0.9126863000000002,0.05841711
Exp391:AGCTCAACAAGTGCTTx,8914,3889,8914.0,2722.923,Use,C5P,7,0.88614786,0.19631812
Exp391:AGGAATACACTGAGTTx,19300,5229,19300.0,3081.561,Use,C5P,7,0.8888478999999999,0.081092805
Exp391:AGGATCTCACAACGAGx,9559,3682,9559.0,2830.6233,Use,C5P,7,0.91936487,0.21828869
Exp391:AGGAGGTCATGGCCCAx,17820,5414,17820.0,3181.4326,Use,C5P,7,0.88128656,0.1638721
Exp391:AGGAGGTCACAAATAGx,8385,3198,8385.0,2602.3672,Use,C5P,7,0.88046247,0.22446996
Exp391:AGGACGACACCAGTATx,24515,8291,24515.0,3331.2422,Use,C5P,10,0.9181435,0.12841329
Exp391:AGGCATTCACACAGAGx,10221,3108,10221.0,2842.5427,Use,C5P,7,0.9169506,0.10209885
Exp391:AGGACGAAGTGTCATCx,12349,4634,12349.0,2818.8328,Use,C5P,7,0.8823594000000001,0.17477933
Exp391:AGGGAGTGTCGCTTAAx,16840,4066,16840.0,3259.9236,Use,C5P,7,0.9213372,0.16494241
Exp391:AGGCCACTCAAAGGATx,6170,2566,6170.0,2647.479,Use,C5P,7,0.919588,0.16644478
Exp391:AGGCTGCGTAGGGTACx,11515,3609,11515.0,2866.1616,Use,C5P,7,0.8793025999999999,0.28219998
Exp391:AGGCCACTCCGGACTGx,9337,4172,9337.0,2655.324,Use,C5P,7,0.8781519,0.21173182
Exp391:AGGGTGAAGTGCAAATx,14588,4175,14588.0,2848.4697,Use,C5P,7,0.90906286,0.10988811
Exp391:AGGGTGATCGTTCGCTx,14667,4653,14667.0,2996.6372,Use,C5P,7,0.89641744,0.101062834
Exp391:AGGGTCCCACGGTGAAx,10808,4400,10808.0,2987.4905,Use,C5P,7,0.88603574,0.13839799
Exp391:AGGTTACGTGGGCTCTx,8923,3854,8923.0,2717.639,Use,C5P,7,0.8813828000000001,0.14213836
Exp391:AGGTCTAAGCCATGCCx,12200,4470,12200.0,2875.7773,Use,C5P,7,0.9012126,0.025273949
Exp391:AGGTCTACAGTCGGTCx,8196,3007,8196.0,2548.834,Use,C5P,7,0.8786216,0.12901685
Exp391:AGGTCTAGTGATTCACx,10795,3926,10795.0,2800.3494,Use,C8P,7,0.8879394,0.20190877
Exp391:AGGTTACCAGGTCAAGx,9710,3447,9710.0,2817.3853,Use,C5P,7,0.89129096,0.16607818
Exp391:AGGTTACTCGCCTAGGx,11195,4449,11195.0,2850.9138,Use,C5P,7,0.88304204,0.17460856
Exp391:AGTACTGAGTCAGCCCx,18815,6992,18815.0,3001.5999,Use,C8P,7,0.87345654,0.025796056
Exp391:AGTAGTCAGAAGTATCx,9732,3839,9732.0,2672.9915,Use,C5P,7,0.8817734,0.16419661
Exp391:AGTCACAAGCTATCTGx,9683,4242,9683.0,2696.5234,Use,C8P,7,0.8874286,0.2592148
Exp391:AGTCATGCAGAATGTAx,11196,4104,11196.0,2752.4087,Use,C8P,7,0.88284546,0.13753739
Exp391:AGTGATCTCTTGCAGAx,38806,10992,38806.0,3396.725,Use,C5P,10,0.88822436,0.12671673
Exp391:AGTCTCCTCGAGAAGCx,10467,4395,10467.0,2863.288,Use,C5P,7,0.88115543,0.19226766
Exp391:AGTGACTTCAGGGATGx,4467,1685,4467.0,2417.6543,Use,C5P,7,0.9130685,0.08291465
Exp391:AGTGATCCACGGGTAAx,8526,3402,8526.0,2699.0676,Use,C5P,7,0.88434976,0.10522178
Exp391:AGTTCGAAGGTTGTTCx,11883,4259,11883.0,2917.2793,Use,C5P,7,0.8959024,0.017140567
Exp391:AGTTCCCAGTCCCAGCx,32080,11814,32080.0,3213.0105,Use,C5P,10,0.88121617,0.22051832
Exp391:AGTTCCCTCTCATAGGx,25670,9380,25670.0,3246.2297,Use,C5P,7,0.8531681999999999,0.1922327
Exp391:ATATCCTTCCTTCTTCx,10138,6434,10138.0,2930.674,Use,C5P,7,0.8839709000000001,0.19796735
Exp391:ATAGGCTAGTTAACAGx,12653,3818,12653.0,2845.7083,Use,C5P,7,0.8792101999999999,0.10804233
Exp391:ATAGGCTCACTTGTGAx,4920,3001,4920.0,2454.327,Use,C5P,7,0.8891492,0.13240439
Exp391:ATAGAGATCGTTCTGCx,7529,3701,7529.0,2720.6765,Use,C5P,7,0.90685314,0.13841343
Exp391:ATAGACCAGGCCACCTx,4926,4262,4926.0,2518.4045,Use,C5P,7,0.8681098,0.20698217
Exp391:ATCACTTGTTCCTAGAx,5894,3665,5894.0,2615.821,Use,C5P,7,0.88543737,0.09988606
Exp391:ATCACGACACAGTGAGx,10609,3244,10609.0,2926.544,Use,C5P,7,0.9278440999999998,0.0
Exp391:ATCAGGTGTGAATTAGx,35212,10208,35212.0,3390.342,Use,C8P,10,0.9278878,0.15082738
Exp391:ATCCGTCCAAGAGTGCx,12472,4466,12472.0,2988.6243,Use,C5P,7,0.87521505,0.1045613
Exp391:ATCCGTCTCGCCGAACx,9068,5399,9068.0,2905.0872,Use,C5P,7,0.88538647,0.25910768
Exp391:ATCGTAGAGGTAATCAx,10940,3968,10940.0,2915.951,Use,C5P,7,0.8810178,0.20840022
Exp391:ATCTTCATCTCGCTTGx,33683,13082,33683.0,3354.8435,Use,C5P,10,0.9157455,0.17203307
Exp391:ATCTCTATCAACGTGTx,11658,5325,11658.0,2927.9536,Use,C5P,7,0.8836029000000001,0.12706268
Exp391:ATGAAAGAGGGAGAATx,37071,9093,37071.0,3340.8188,Use,C5P,10,0.8874003,0.1172601
Exp391:ATGAAAGAGCCACTCGx,8924,3421,8924.0,2730.9893,Use,C5P,7,0.88997436,0.21077883
Exp391:ATGAGTCTCGAAGCCCx,11608,4357,11608.0,2877.9841,Use,C8P,7,0.88607115,0.1978716
Exp391:ATGCGATTCGAGCCACx,14056,4899,14056.0,2853.5986,Use,C8P,7,0.89290404,0.11515245
Exp391:ATGGATCTCGAACCTAx,11893,5381,11893.0,2646.577,Use,C8P,7,0.89509255,0.28217992
Exp391:ATGGATCAGCGTGTCCx,10184,3027,10184.0,2824.481,Use,C5P,7,0.8792868,0.17207488
Exp391:ATGGGTTAGCATTTCGx,19906,6066,19906.0,3283.6128,Use,C5P,7,0.8864598,0.062755585
Exp391:ATGGATCAGGGTGAAAx,8231,3064,8231.0,2747.6858,Use,C5P,7,0.8837518,0.15722582
Exp391:ATTCACTCAGTCTTCCx,13561,7014,13561.0,2930.302,Use,C5P,7,0.8805907,0.12539706
Exp391:ATTACTCTCCTTCAGCx,9193,5134,9193.0,2902.55,Use,C5P,7,0.89295834,0.10888302
Exp391:ATGTCTTCAGACGCTCx,10025,4989,10025.0,2756.9236,Use,C5P,7,0.8832399,0.20123285
Exp391:ATTCATCTCGCTTACCx,12149,5782,12149.0,2924.3276,Use,C5P,7,0.89098895,0.047308028
Exp391:ATTCACTGTGAGGAAAx,8290,3242,8290.0,2695.5508,Use,C5P,7,0.8843039,0.1082294
Exp391:ATTCCTACAGGCATTTx,9569,5211,9569.0,2929.0579,Use,C5P,7,0.8844063,0.102445066
Exp391:ATTCATCTCCATCTCGx,8312,4462,8312.0,2934.4092,Use,C5P,7,0.8885700999999999,0.07425845
Exp391:ATTCCATCAGATTTCGx,19739,7974,19739.0,3277.3347,Use,C8P,10,0.8859822,0.15058687
Exp391:ATTCCCGCATCATCCCx,31737,10256,31737.0,3392.6487,Use,C5P,10,0.9157745999999999,0.09732503
Exp391:ATTCATCGTACTCCCTx,13571,5868,13571.0,3091.7676,Use,C5P,7,0.90283906,0.040709794
Exp391:ATTCCCGTCTCCGCATx,13717,4327,13717.0,3136.4124,Use,C5P,7,0.9265146999999999,0.0
Exp391:ATTCGTTCACAACCGCx,34303,14252,34303.0,3393.4985,Use,C5P,10,0.90819675,0.17990485
Exp391:ATTCTACTCATCACCCx,32278,16546,32278.0,3530.2678,Use,C5P,10,0.9177446,0.14578319
Exp391:ATTTACCGTTGCCGCAx,10005,4374,10005.0,2911.3328,Use,C5P,7,0.8953793,0.16001952
Exp391:ATTTACCCATCACAGTx,23837,8835,23837.0,3226.2227,Use,C5P,7,0.90251213,0.20133078
Exp391:ATTTCACTCTTTCTAGx,7854,4664,7854.0,2743.09,Use,C5P,7,0.88605887,0.16423917
Exp391:CAACAGTGTTTGGCTAx,13069,5025,13069.0,3013.347,Use,C8P,7,0.9205040999999999,0.047386974
Exp391:CAACCAAAGGTCTTTGx,11270,5059,11270.0,2794.5461,Use,C5P,7,0.8782462,0.24158514
Exp391:CAACCAACATAGAATGx,14720,5317,14720.0,3202.3423,Use,C5P,7,0.91379476,0.090976596
Exp391:CAACAGTTCTGGTGCGx,8708,4242,8708.0,2678.046,Use,C8P,7,0.88580793,0.22701284
Exp391:CAAGGGACAAAGACTAx,10370,4039,10370.0,2771.6418,Use,C5P,7,0.8997933000000001,0.054676056
Exp391:CAAGACTAGTCTGGTTx,10358,4464,10358.0,2835.5322,Use,C5P,7,0.8840421999999999,0.22042304
Exp391:CAATACGCAGACCTATx,9970,4495,9970.0,2749.4482,Use,C5P,7,0.8786994,0.18430999
Exp391:CAAGAGGCAGACATCTx,10628,3333,10628.0,2747.436,Use,C5P,7,0.8819398999999999,0.26146746
Exp391:CAACGGCGTTGTGGAGx,35621,9929,35621.0,3413.704,Use,C5P,10,0.91551834,0.15759498
Exp391:CAAGAGGGTGAGGCATx,6337,2771,6337.0,2549.1333,Use,C8P,7,0.8901598,0.1438486
Exp391:CACACAAAGTTGCTCAx,10514,4647,10514.0,2975.4316,Use,C5P,7,0.8996698000000001,0.092369735
Exp391:CACAACATCCACACAAx,5450,4198,5450.0,2392.6567,Use,C5P,7,0.90147215,0.056562394
Exp391:CAATTTCAGTGGCGATx,10507,3098,10507.0,2875.8315,Use,C5P,7,0.9217643,0.0
Exp391:CACATGATCTGTTCATx,26877,8391,26877.0,3176.8179,Use,C5P,7,0.9098565999999999,0.1811805
Exp391:CACAGATCATGATCTGx,12421,4795,12421.0,3070.8208,Use,C5P,7,0.8955018,0.05294788
Exp391:CACCAAACATCGCTGGx,8198,4995,8198.0,2651.8965,Use,C8P,7,0.89354444,0.24437973
Exp391:CACCGTTGTCACTACAx,8364,4428,8364.0,2697.5083,Use,C5P,7,0.9038546000000001,0.07735172
Exp391:CACGTGGTCTTCACATx,10438,4770,10438.0,2859.638,Use,C5P,7,0.8818235000000001,0.15044504
Exp391:CACGTGGAGGGATCACx,9340,3237,9340.0,2727.628,Use,C5P,7,0.8752813,0.18589228
Exp391:CACTAAGTCACCCATCx,26785,8288,26785.0,3430.1565,Use,C5P,7,0.8724712,0.22624657
Exp391:CACTGGGTCCGTGGCAx,13716,4904,13716.0,2846.5522,Use,C5P,7,0.8824690000000001,0.23737635
Exp391:CACTTCGAGTGCTCATx,9048,4319,9048.0,2773.4265,Use,C5P,7,0.8868419,0.14338934
Exp391:CAGAGCCCAAATCGTCx,10963,4503,10963.0,2428.5078,Use,C8P,7,0.8896919,0.24930374
Exp391:CAGAGCCAGGCGATACx,31945,8507,31945.0,3405.9507,Use,C8P,10,0.9006398000000001,0.1086964
Exp391:CACTGAAGTTACCCTCx,14735,6233,14735.0,3186.6975,Use,C5P,7,0.90460503,0.105766654
Exp391:CAGCAATCAAGCGCAAx,9302,3604,9302.0,2826.2449,Use,C5P,7,0.9197124,0.20530996
Exp391:CAGCAATTCGAACACTx,16497,7375,16497.0,3179.9656,Use,C5P,7,0.8863525,0.05687058
Exp391:CAGATACGTGCTGTCGx,27098,3090,27098.0,3291.5146,Use,C5P,7,0.9090189000000001,0.070379525
Exp391:CAGATCATCGCCTTGTx,11664,4604,11664.0,2972.0925,Use,C5P,7,0.8886363000000002,0.13790196
Exp391:CAGGGCTCAAGTCCATx,20796,5570,20796.0,3186.1865,Use,C5P,7,0.9018966999999999,0.18739176
Exp391:CAGGGCTCAACAGTGGx,13481,5482,13481.0,3054.4194,Use,C5P,7,0.8418298000000001,0.14308795
Exp391:CAGGCCAGTCACTCAAx,8184,4492,8184.0,2838.6255,Use,C8P,7,0.9023889,0.19156787
Exp391:CATAAGCCAGTTGTTGx,43117,11751,43117.0,3384.8782,Use,C5P,10,0.88923407,0.17461899
Exp391:CAGTTAGAGTTAGTAGx,9898,3330,9898.0,2655.0642,Use,C8P,7,0.8899974,0.14239463
Exp391:CAGTGCGAGTACCGGAx,8383,3353,8383.0,2579.0874,Use,C8P,7,0.88452166,0.20305899
Exp391:CAGTTCCAGTGTCATCx,30868,11502,30868.0,3395.9229,Use,C5P,10,0.9091591,0.10955006
Exp391:CATACCCGTTAAGACAx,11218,6796,11218.0,3059.55,Use,C8P,7,0.8885542,0.1987845
Exp391:CATAGACAGTTGCTGTx,31013,8555,31013.0,3357.1147,Use,C5P,10,0.9044894,0.09909624
Exp391:CATCCACCAATTCGTGx,9405,5237,9405.0,2660.5356,Use,C5P,7,0.87869817,0.1723918
Exp391:CATCCACTCTCTCGCAx,8208,5018,8208.0,2796.8347,Use,C5P,7,0.8766276,0.089841485
Exp391:CATCAAGTCATGAGAAx,14435,5061,14435.0,2951.0652,Use,C5P,7,0.891333,0.01428321
Exp391:CATCCACAGCGTATGGx,10703,3861,10703.0,2796.3164,Use,C5P,7,0.88364595,0.09890658
Exp391:CATCGTCTCGAAGAATx,8182,3177,8182.0,2711.713,Use,C5P,7,0.8798756,0.0741474
Exp391:CATGCCTCATTAGGCTx,9926,3189,9926.0,2929.9546,Use,C5P,7,0.9078798,0.14098683
Exp391:CATTCTACAGGTAGTGx,8801,3348,8801.0,2783.574,Use,C5P,7,0.87861174,0.18401751
Exp391:CATGGATAGTCACTACx,17928,6559,17928.0,3029.6213,Use,C5P,7,0.88897455,0.0
Exp391:CATGCTCGTATCGTACx,8128,4054,8128.0,2772.6323,Use,C8P,7,0.8951735000000001,0.18853524
Exp391:CATGGATGTGTTGACTx,13760,5186,13760.0,3032.3057,Use,C5P,7,0.8765654,0.16996631
Exp391:CATGGTAAGGCGTTAGx,11161,4756,11161.0,2994.2246,Use,C5P,7,0.8837567,0.18936312
Exp391:CATGCTCAGTTCTACGx,8085,4048,8085.0,2809.7388,Use,C5P,7,0.88611203,0.10073078
Exp391:CATTCCGGTCCCTAAAx,21935,7425,21935.0,3269.7053,Use,C5P,7,0.9055434000000001,0.2515616
Exp391:CATGGATGTAGGTCAGx,5818,3028,5818.0,2716.148,Use,C8P,7,0.88752055,0.10026643
Exp391:CATTTCATCTGGGTCGx,9358,4363,9358.0,2635.9077,Use,C5P,7,0.8765153,0.20655027
Exp391:CATTGTTAGATGCTTCx,11229,4644,11229.0,2898.8325,Use,C5P,7,0.8763738999999999,0.17894858
Exp391:CATTGAGGTAAGACCGx,30048,6937,30048.0,3333.298,Use,C5P,7,0.89094275,0.12223145
Exp391:CATTTCACACGGATCCx,6940,5122,6940.0,2632.2463,Use,C5P,7,0.89339787,0.12900376
Exp391:CATTTCACAACCGTATx,37189,10811,37189.0,3395.8284,Use,C5P,10,0.8699223,0.0674448
Exp391:CATTTCAGTATCGATCx,11671,4542,11671.0,2902.3508,Use,C5P,7,0.88612634,0.13698971
Exp391:CATTGCCAGAGCCATGx,28728,9394,28728.0,3326.0776,Use,C5P,7,0.9098915000000001,0.12924325
Exp391:CATTGAGTCTTTGCTAx,11765,5995,11765.0,2859.5813,Use,C8P,7,0.90331125,0.26425153
Exp391:CATTGCCTCTAGTTCTx,40051,16287,40051.0,3529.094,Use,C5P,10,0.90050143,0.0653995
Exp391:CCACACTGTCCCACGAx,10498,5956,10498.0,2874.557,Use,C5P,7,0.8837811,0.22392309
Exp391:CCAAGCGCAACCTAACx,7928,4955,7928.0,2762.7578,Use,C8P,7,0.8831969000000001,0.22767016
Exp391:CCACACTAGGTCGAGTx,9855,3075,9855.0,2780.6772,Use,C5P,7,0.90273213,0.19458741
Exp391:CCACCATGTATACCCAx,10571,4995,10571.0,2775.7598,Use,C5P,7,0.877965,0.17580962
Exp391:CCACGTTAGCTGTTCAx,10093,4670,10093.0,2832.0073,Use,C5P,7,0.9039853999999999,0.021156758
Exp391:CCACGAGCAGGGTCTCx,20899,6069,20899.0,3114.2256,Use,C5P,7,0.89787436,0.18549234
Exp391:CCATAAGAGCTGGAGTx,9709,3535,9709.0,2766.89,Use,C5P,7,0.8946063,0.122693986
Exp391:CCACTTGAGATGAAGGx,18684,6106,18684.0,3143.8062,Use,C5P,7,0.9092355999999999,0.21850687
Exp391:CCACTTGCAGGCAATGx,17845,7452,17845.0,3096.3022,Use,C5P,10,0.91583997,0.19319126
Exp391:CCCAACTCATGCACTAx,11986,2958,11986.0,3034.0588,Use,C5P,7,0.87844867,0.12968382
Exp391:CCATCACAGGGCAGGAx,11198,4862,11198.0,2793.6536,Use,C8P,7,0.8965288,0.19752192
Exp391:CCCATTGCACGGTGTCx,29618,7187,29618.0,3287.4995,Use,C5P,7,0.8504992,0.19000879
Exp391:CCCGAAGAGACATAACx,7983,3682,7983.0,2769.4954,Use,C8P,7,0.88328767,0.1568346
Exp391:CCCGAAGCATGGAACGx,10245,3703,10245.0,2797.4346,Use,C5P,7,0.89246,0.012423813
Exp391:CCCATTGCATGGGAACx,8306,3113,8306.0,2648.0024,Use,C5P,7,0.8778436,0.2518831
Exp391:CCCTCAAAGATGCCGAx,7593,4194,7593.0,2786.1152,Use,C5P,7,0.88236374,0.1578311
Exp391:CCCGGAATCGTAACACx,9290,3782,9290.0,2736.117,Use,C5P,7,0.87953883,0.21729916
Exp391:CCCTGATGTTTGGAGGx,32864,8316,32864.0,3162.1135,Use,C8P,7,0.8233541999999999,0.21462813
Exp391:CCGAACGTCATGCCCTx,33123,8059,33123.0,3387.3696,Use,C5P,10,0.88590544,0.081569016
Exp391:CCGGACATCTATCACTx,7763,5731,7763.0,2991.494,Use,C8P,7,0.90111035,0.20989874
Exp391:CCGAACGAGGTACAGCx,9913,4668,9913.0,2774.6348,Use,C8P,7,0.89017123,0.3843327
Exp391:CCGGACAGTTCGTTCCx,8392,2918,8392.0,2769.2966,Use,C5P,7,0.9145673000000001,0.17451069
Exp391:CCGGTGAGTATGCTACx,12118,4525,12118.0,2876.4773,Use,C5P,7,0.8722348,0.18674213
Exp391:CCTCAACGTCGAATTCx,34660,11620,34660.0,3432.5054,Use,C5P,10,0.9089985999999999,0.14643985
Exp391:CCTAACCGTCGATGCCx,8506,3923,8506.0,2639.9182,Use,C5P,7,0.88544726,0.19553986
Exp391:CCTCCAACACAATTCGx,30831,12446,30831.0,3348.6487,Use,C5P,7,0.8665261000000001,0.17999238
Exp391:CCTCATGCAACACGTTx,10522,5388,10522.0,3000.3337,Use,C5P,7,0.8840843,0.07337496
Exp391:CCTCCTCTCGCCCAGAx,10588,5949,10588.0,2844.6545,Use,C5P,7,0.85721236,0.1623339
Exp391:CCTCCTCCATCGAAGGx,11843,4322,11843.0,3041.368,Use,C5P,7,0.92647296,0.0
Exp391:CCTCACACAACTCGTAx,7707,4162,7707.0,2704.4927,Use,C8P,7,0.892683,0.18856761
Exp391:CCTCATGGTGAGGAAAx,9749,3851,9749.0,2831.8542,Use,C8P,7,0.8922698,0.19291148
Exp391:CCTCTCCGTCGGCACTx,10350,4206,10350.0,2728.4912,Use,C5P,7,0.8996318000000001,0.060046107
Exp391:CCTCTCCTCTGGCCAGx,14746,7495,14746.0,3130.136,Use,C5P,7,0.8778785,0.12388432
Exp391:CGAAGGAGTTTAGTCGx,8069,3428,8069.0,2739.9397,Use,C5P,7,0.88993025,0.12125862
Exp391:CGACAGCCAAAGGCTGx,32120,8059,32120.0,3425.563,Use,C5P,10,0.9072806000000001,0.065375686
Exp391:CGAATTGAGGTGATATx,6211,3663,6211.0,2868.0193,Use,C5P,7,0.88695437,0.124397606
Exp391:CGAGGAAGTAACTGCTx,24241,6192,24241.0,3240.815,Use,C5P,7,0.87973326,0.1504046
Exp391:CGAGGCTGTAGCGTAGx,11806,3407,11806.0,2913.2087,Use,C5P,7,0.9199234000000001,0.15587685
Exp391:CGAGGCTAGCGCCTTGx,10500,3258,10500.0,2979.251,Use,C5P,7,0.9245294,0.12007004
Exp391:CGAGTGCGTTTGGAAAx,10341,3151,10341.0,2777.3792,Use,C5P,7,0.8796391,0.17948219
Exp391:CGATGGCGTCTAGGTTx,8929,3335,8929.0,2610.7893,Use,C5P,7,0.8773953000000001,0.12530503
Exp391:CGCAGGTCAATAGAGTx,7463,3064,7463.0,2650.1423,Use,C5P,7,0.88843876,0.11880073
Exp391:CGCCATTAGTAGCTCTx,10437,5271,10437.0,2861.2803,Use,C5P,7,0.88413566,0.17576364
Exp391:CGCCATTAGTGCCAGAx,33355,9141,33355.0,3378.21,Use,C5P,7,0.84845567,0.22286615
Exp391:CGCATGGGTACGTAGGx,8250,3995,8250.0,3004.7905,Use,C5P,7,0.89348614,0.1200394
Exp391:CGCCAGACAATACCCAx,36162,9723,36162.0,3386.9197,Use,C5P,10,0.90132844,0.07091859
Exp391:CGCCATTAGGGAGATAx,16587,4362,16587.0,2913.9453,Use,C5P,7,0.8603610999999999,0.12355563
Exp391:CGGGACTAGAGGACTCx,40410,8562,40410.0,3401.3882,Use,C5P,10,0.85427386,0.08569276
Exp391:CGGGCATCACAGCCACx,10959,3705,10959.0,2753.4932,Use,C5P,7,0.89517426,0.041452616
Exp391:CGGGCATAGCCTCAGCx,8415,3456,8415.0,2646.8345,Use,C5P,7,0.8867126000000001,0.21423784
Exp391:CGTAAGTTCCCGGTAGx,11655,4681,11655.0,2911.6423,Use,C5P,7,0.8834204999999999,0.24918367
Exp391:CGGGTCAAGTAGGCCAx,9047,2907,9047.0,2786.8901,Use,C5P,7,0.8931925,0.1628452
Exp391:CGTCAAATCAAACCTGx,8663,3631,8663.0,2780.963,Use,C5P,7,0.8813646999999999,0.24040583
Exp391:CGTTAGAGTCTGATCAx,22026,6677,22026.0,3156.5178,Use,C5P,7,0.9025209000000001,0.1986512
Exp391:CGTTAGACATTGAAAGx,11743,3659,11743.0,2848.7195,Use,C5P,7,0.88239366,0.22630832
Exp391:CTAACCCGTGTGAGCAx,8819,3776,8819.0,2642.761,Use,C8P,7,0.8842008,0.20718771
Exp391:CGTGCTTCAGGACTAGx,3123,1503,3123.0,2389.127,Use,C5P,7,0.914567,0.14685401
Exp391:CGTTAGATCCTGCCATx,34185,10019,34185.0,3393.349,Use,C5P,7,0.8614094000000001,0.13803038
Exp391:CTACATTGTCTACATGx,9916,4312,9916.0,2860.636,Use,C5P,7,0.92926395,0.0
Exp391:CTACCCAAGTGGTCAGx,8054,4601,8054.0,2722.4805,Use,C5P,7,0.88509256,0.19531304
Exp391:CTAGGTAAGCATGCGAx,9836,3817,9836.0,2833.4111,Use,C5P,7,0.8850742,0.21000394
Exp391:CTACCTGAGTGCAAATx,11044,5007,11044.0,2827.96,Use,C5P,7,0.88079417,0.21874759
Exp391:CTACGGGAGATACGATx,11739,4328,11739.0,2919.725,Use,C5P,7,0.886569,0.12809959
Exp391:CTAGACAAGAGATTCAx,11186,3480,11186.0,2851.9219,Use,C5P,7,0.92188966,0.20150805
Exp391:CTACCTGTCATTTGGGx,35655,16388,35655.0,3445.9595,Use,C5P,10,0.8905689,0.09184086
Exp391:CTCAACCCATTAAGCCx,8630,5355,8630.0,2658.019,Use,C5P,7,0.87271583,0.18329722
Exp391:CTCAACCGTATGAAACx,28396,9726,28396.0,3365.8118,Use,C8P,10,0.90110534,0.13226554
Exp391:CTATCCGGTACAAGTAx,20206,9322,20206.0,3147.2283,Use,C5P,7,0.8805917999999999,0.035721958
Exp391:CTATCCGCAGCTATTGx,27315,9154,27315.0,3337.5215,Use,C5P,7,0.8887252,0.18754196
Exp391:CTCAACCCAATGACCTx,10578,6358,10578.0,2888.8035,Use,C8P,7,0.8860198,0.31268293
Exp391:CTCAAGAGTACCCGCAx,11381,4502,11381.0,2957.4668,Use,C5P,7,0.88624185,0.22643518
Exp391:CTCAGGGTCTGAGTCAx,10390,4389,10390.0,2788.26,Use,C8P,7,0.8805772,0.24169904
Exp391:CTCAATTGTCCCTCATx,11442,5472,11442.0,3056.6262,Use,C5P,7,0.92466635,0.00705716
Exp391:CTCAGGGAGCTTAAGAx,12353,5309,12353.0,3104.1677,Use,C5P,7,0.91204727,0.10024753
Exp391:CTCAGTCAGACTTCACx,23648,9039,23648.0,3313.1624,Use,C5P,7,0.87284595,0.1131672
Exp391:CTCAATTAGTCATACCx,46247,16105,46247.0,3575.474,Use,C5P,10,0.89961845,0.10446763
Exp391:CTCATGCGTACACGTTx,21770,6031,21770.0,3244.9868,Use,C5P,7,0.9003730999999999,0.17213774
Exp391:CTCATTAAGTTACTCGx,7271,4212,7271.0,2648.8105,Use,C8P,7,0.8882261999999999,0.22897711
Exp391:CTCATTAGTAACGGTGx,10337,4376,10337.0,2697.9644,Use,C5P,7,0.87944835,0.21022287
Exp391:CTCCACAGTAGGACTGx,8865,4298,8865.0,2748.7517,Use,C8P,7,0.8921979999999999,0.20085081
Exp391:CTCCGATAGTAGGTTAx,8488,5262,8488.0,2732.6172,Use,C8P,7,0.88684005,0.3169393
Exp391:CTCTCGATCAACTACGx,8474,4420,8474.0,2624.5574,Use,C8P,7,0.8905431,0.15812925
Exp391:CTGCCTAAGAGCCATGx,4088,2903,4088.0,2739.196,Use,C8P,7,0.888883,0.10263246
Exp391:CTGAGGCCAATCGAAAx,22175,5607,22175.0,3218.709,Use,C5P,7,0.88630164,0.14560857
Exp391:CTGGCAGGTTACTCAGx,15491,5002,15491.0,3142.5847,Use,C5P,7,0.91875404,0.0043569505
Exp391:CTGCGAGCACATTCTTx,24816,3016,24816.0,3371.255,Use,C5P,7,0.92570907,0.05297038
Exp391:CTGCGAGGTCACCGACx,12294,3811,12294.0,2983.5757,Use,C5P,7,0.8945209000000001,0.055249482
Exp391:CTGCTCATCCTCACTGx,15642,5191,15642.0,3053.822,Use,C5P,7,0.89592785,0.08024132
Exp391:CTGCGAGGTTCGGCGTx,10941,3625,10941.0,2805.9314,Use,C5P,7,0.8870434000000001,0.07919994
Exp391:CTGTAGACAGCTGCCAx,9845,4526,9845.0,2869.9934,Use,C5P,7,0.8849657,0.26164573
Exp391:CTGTCGTCATCGTGCGx,5078,3963,5078.0,2570.3042,Use,C8P,7,0.89209247,0.19481656
Exp391:CTGTACCCATCCGATAx,28514,10059,28514.0,3345.9382,Use,C5P,10,0.8967929,0.24095008
Exp391:CTGTATTGTTGATGTCx,7515,3100,7515.0,2777.574,Use,C5P,7,0.91903436,0.19782153
Exp391:CTGTATTTCTGGTTGAx,10143,4570,10143.0,2697.7373,Use,C5P,7,0.87248516,0.19075611
Exp391:CTTCAATCACGGGCTTx,10646,5048,10646.0,2922.6572,Use,C5P,7,0.8866970999999999,0.12376058
Exp391:CTGTGGGCACGTACATx,14122,5521,14122.0,3082.1943,Use,C5P,7,0.8878787,0.09060264
Exp391:CTGTGGGTCCGTGGTGx,9890,4240,9890.0,2750.563,Use,C8P,7,0.8987426,0.30176616
Exp391:CTTCCGACATGTGCTAx,38074,15310,38074.0,3420.3135,Use,C5P,10,0.86203015,0.09696597
Exp391:CTTCCGAGTAGGATATx,21904,6170,21904.0,3144.141,Use,C5P,7,0.8871110999999999,0.148447
Exp391:CTTCTAACATATCTGGx,23363,7793,23363.0,3316.2058,Use,C5P,7,0.90617245,0.18961638
Exp391:CTTCCGATCCAGTTCCx,8713,5266,8713.0,2742.5688,Use,C5P,7,0.880698,0.17378512
Exp391:CTTCTCTGTAGACAGCx,15994,7968,15994.0,3138.7668,Use,C5P,7,0.9125523000000001,0.20037663
Exp391:CTTCTCTGTATAATGGx,8675,5318,8675.0,2676.4683,Use,C5P,7,0.89236265,0.23765919
Exp391:CTTGAGAGTAATGATGx,8422,3271,8422.0,2871.5596,Use,C5P,7,0.9195310999999999,0.1476565
Exp391:CTTTCAAGTCACCGCAx,9150,4677,9150.0,3041.6943,Use,C5P,7,0.9321086,0.1729042
Exp391:GAACACTTCGACGCGTx,12607,4383,12607.0,2795.1375,Use,C8P,7,0.89026487,0.14027947
Exp391:GAAGCCCTCCTTCACGx,5862,3424,5862.0,2526.585,Use,C5P,7,0.85902035,0.1374596
Exp391:GACATCAGTTAAGCAAx,8240,4080,8240.0,2741.1438,Use,C5P,7,0.88587856,0.108112514
Exp391:GAATCGTTCGGCTGTGx,8861,3179,8861.0,2682.2517,Use,C5P,7,0.89745253,0.0886122
Exp391:GAATCACTCCGATAGTx,34326,11464,34326.0,3289.9058,Use,C5P,10,0.9013665000000001,0.051071137
Exp391:GACCAATCAATCTCGAx,7818,3828,7818.0,2770.4238,Use,C5P,7,0.9151728000000001,0.06733185
Exp391:GACCTTCTCTGAGAGGx,9093,3016,9093.0,2748.4653,Use,C5P,7,0.90125835,0.056972444
Exp391:GACCCTTCAAGCCTGCx,14782,6135,14782.0,3143.1655,Use,C5P,7,0.8917526,0.054223508
Exp391:GACCTTCTCCAAGCTAx,7371,4413,7371.0,2817.824,Use,C5P,7,0.8919743,0.06308612
Exp391:GACCAATGTCGATGCCx,23885,6992,23885.0,3280.8137,Use,C5P,7,0.8954134,0.17039979
Exp391:GACCAATTCCTAAACGx,17888,6934,17888.0,3100.6445,Use,C5P,7,0.8797459999999999,0.09740767
Exp391:GACCCAGTCCACTTTAx,10593,4659,10593.0,2807.0122,Use,C5P,7,0.8871530000000001,0.15224266
Exp391:GACTCAATCGAGAAGCx,6174,2157,6174.0,2600.1343,Use,C5P,7,0.9093614,0.11656758
Exp391:GACGTTATCTAAGCCAx,10120,4916,10120.0,2916.5422,Use,C5P,7,0.88850725,0.191883
Exp391:GACTTCCGTCCCTGAGx,21979,9837,21979.0,3186.1204,Use,C5P,7,0.88495684,0.09925476
Exp391:GACTGATTCGTCTACCx,17017,6399,17017.0,3145.3003,Use,C5P,7,0.9084296999999999,0.08086267
Exp391:GACTGATGTTGAGGACx,20293,5888,20293.0,3168.206,Use,C5P,7,0.9044834999999999,0.1393553
Exp391:GACTGATGTGAGATCGx,12501,3974,12501.0,2965.3738,Use,C5P,7,0.9236165000000001,0.07588795
Exp391:GAGAGGTAGTAGACATx,24060,8820,24060.0,3294.0925,Use,C5P,7,0.9103726000000001,0.24249186
Exp391:GAGCCTGTCGATACACx,12056,4353,12056.0,2933.5598,Use,C8P,7,0.8930028,0.19826949
Exp391:GAGCCTGTCCCATAAGx,40906,9257,40906.0,3331.0867,Use,C5P,10,0.8615786,0.08865607
Exp391:GAGGCAATCTAGAACCx,10785,5382,10785.0,2858.9265,Use,C5P,7,0.8791472,0.27938592
Exp391:GAGGGATCATGAGAATx,19040,6807,19040.0,3104.4146,Use,C5P,7,0.91037095,0.18128377
Exp391:GAGGGATAGGAGCTGTx,8461,2987,8461.0,2658.0698,Use,C8P,7,0.8776864999999999,0.12798545
Exp391:GAGGGATCACAAGTTCx,7133,3743,7133.0,2765.9163,Use,C5P,7,0.8827573000000001,0.20331323
Exp391:GAGGGTATCATCGCAAx,8280,3990,8280.0,2710.8967,Use,C8P,7,0.8852268,0.28924528
Exp391:GAGTCATAGGCGATACx,20910,6823,20910.0,3224.1904,Use,C5P,7,0.9008142,0.1787976
Exp391:GAGTTGTCAGCTGCCAx,10470,4531,10470.0,2847.544,Use,C5P,7,0.8784118000000001,0.17699552
Exp391:GAGTTGTTCTGAGAAAx,10160,3169,10160.0,2748.2102,Use,C5P,7,0.8823594000000001,0.11962855
Exp391:GAGTTACGTCGCTCGAx,9241,4137,9241.0,2708.31,Use,C8P,7,0.88883895,0.26742864
Exp391:GAGTTTGAGATCCCATx,21395,5424,21395.0,3198.6462,Use,C5P,7,0.91149056,0.16086301
Exp391:GATAGCTGTTACACTGx,7110,4337,7110.0,2657.7366,Use,C5P,7,0.8857655000000001,0.18488747
Exp391:GATCATGAGAGCTGACx,10591,4131,10591.0,2840.226,Use,C5P,7,0.8857755999999999,0.099375725
Exp391:GATCAGTTCTGCCTGTx,22765,11283,22765.0,3325.9883,Use,C5P,7,0.92400825,0.17709354
Exp391:GATCGTAAGCCTGGAAx,12099,4320,12099.0,2964.0112,Use,C5P,7,0.9149306999999999,9.298325e-06
Exp391:GATGACTCATATGCGTx,9675,3524,9675.0,2820.6887,Use,C5P,7,0.91819507,0.052888393
Exp391:GATGATCAGCAGTAATx,13802,5726,13802.0,2975.8354,Use,C5P,7,0.8836473,0.14283219
Exp391:GATGGAGAGGAAACGAx,9822,3124,9822.0,2807.3665,Use,C5P,7,0.9077177,0.2107659
Exp391:GATGATCTCGTTGTTTx,37727,10547,37727.0,3356.6814,Use,C5P,10,0.9024686,0.15268502
Exp391:GATGCTAAGGCCTGAAx,18849,6633,18849.0,3120.473,Use,C5P,7,0.8836606,0.06675789
Exp391:GATGTTGCATGGAACGx,8694,2970,8694.0,2764.9778,Use,C5P,7,0.91702807,0.19726884
Exp391:GCAACATAGAGCCCAAx,37317,9766,37317.0,3402.9277,Use,C5P,10,0.89445704,0.080931574
Exp391:GCAACATCAAAGTATGx,18619,5674,18619.0,2998.7344,Use,C5P,7,0.88761073,0.018010408
Exp391:GCAGCCAAGGATTTAGx,9557,3397,9557.0,2709.0103,Use,C5P,7,0.92148125,0.031001627
Exp391:GCAGTTACACATTCGAx,33015,8549,33015.0,3289.5032,Use,C5P,10,0.91165906,0.11065361
Exp391:GCCAACGGTTAGAGATx,7139,2448,7139.0,2735.9778,Use,C5P,7,0.91840297,0.055261552
Exp391:GCCATGGCATAGGAGCx,9391,3370,9391.0,3032.348,Use,C5P,7,0.9146646,0.12081513
Exp391:GCCAGTGAGCCTGGAAx,22117,7475,22117.0,3170.774,Use,C5P,7,0.89614224,0.15181574
Exp391:GCCCGAAAGCACGTCCx,6280,3225,6280.0,2988.575,Use,C5P,7,0.90506583,0.1194706
Exp391:GCCTGTTTCTCGACGGx,7653,4984,7653.0,2880.1946,Use,C8P,7,0.90128577,0.19185835
Exp391:GCCATTCCATTAAGCCx,8573,4638,8573.0,3000.2798,Use,C5P,7,0.8912167,0.13524166
Exp391:GCGGAAATCGAAGGACx,14041,4748,14041.0,3123.3909,Use,C5P,7,0.9270874,0.09643182
Exp391:GCGAGAATCAGCTCTCx,13485,4593,13485.0,3038.3274,Use,C5P,7,0.90035975,0.036457807
Exp391:GCTACCTTCCCGATCTx,12047,6342,12047.0,2964.3452,Use,C5P,7,0.87548465,0.19082966
Exp391:GCTACCTCACCGTCGAx,20653,7679,20653.0,3277.7458,Use,C5P,7,0.8834789000000001,0.12757716
Exp391:GCGTTTCGTACTTGTGx,8032,2991,8032.0,2701.0906,Use,C5P,7,0.91783726,0.084700644
Exp391:GCTGAATGTGTTGACTx,18216,5853,18216.0,3134.462,Use,C5P,7,0.89582247,0.12223357
Exp391:GCGTTTCGTTCTCTCGx,7358,2966,7358.0,2681.2583,Use,C5P,7,0.8996844,0.08025113
Exp391:GCGTTTCAGTCCCGGTx,10025,3679,10025.0,2739.291,Use,C5P,7,0.8817197,0.1620852
Exp391:GCTGCAGTCTACGGGCx,11439,4274,11439.0,2970.7124,Use,C8P,7,0.86782485,0.11469972
Exp391:GCTTGGGAGTGATAGTx,7944,2974,7944.0,2743.9817,Use,C5P,7,0.8805082000000001,0.22367486
Exp391:GCTTCACTCCAAACCAx,32926,9170,32926.0,3299.9712,Use,C5P,10,0.9013188,0.106199354
Exp391:GCTGCAGAGAGCCCAAx,10306,3352,10306.0,2828.1387,Use,C8P,7,0.8921238000000001,0.16858175
Exp391:GGAACCCTCAGTCATGx,8265,3931,8265.0,2845.6284,Use,C5P,7,0.8889252000000001,0.099582195
Exp391:GGAGGATGTTTGTTCTx,12812,4225,12812.0,2882.22,Use,C8P,7,0.89752793,0.1770153
Exp391:GGAGGATAGGTTATAGx,6787,2910,6787.0,2833.8735,Use,C8P,7,0.8938323,0.092695
Exp391:GGAGGATAGCCTGTCGx,8531,3619,8531.0,2650.9255,Use,C8P,7,0.8849863000000001,0.28021222
Exp391:GGGTCTGTCACAGTGTx,8568,3345,8568.0,2669.095,Use,C8P,7,0.8936763000000001,0.11938912
Exp391:GGGTGAATCTGGGCGTx,4328,2581,4328.0,2345.8018,Use,C8P,7,0.8585110999999999,0.19854698
Exp391:GGTAATCAGGGCCTCTx,8148,4060,8148.0,2724.1409,Use,C8P,7,0.88461035,0.2878579
Exp391:GGGTTTATCTGGTGGCx,9988,5531,9988.0,2785.8289,Use,C8P,7,0.8891194,0.22579214
Exp391:GGTTAACTCTCGGTCTx,7012,4318,7012.0,2595.882,Use,C8P,7,0.88678235,0.2388684
Exp391:GTATTTCTCGGACGTCx,6097,3033,6097.0,2643.6802,Use,C8P,7,0.89164835,0.15206924
Exp391:GTCACGGCAGTGTATCx,6845,2975,6845.0,2526.9443,Use,C8P,7,0.8846484,0.1929738
Exp391:GTCTAGACAACACGTTx,6823,3669,6823.0,2622.1736,Use,C8P,7,0.8866439,0.16603437
Exp391:GTTAGTGAGCCAAGCAx,12414,4578,12414.0,2832.1042,Use,C8P,7,0.8815386000000001,0.09659168
Exp391:GTTCGCTGTGACTGTTx,5621,4407,5621.0,2647.3542,Use,C8P,10,0.831734,0.09739813
Exp391:GTTGTCCGTCAACACTx,19744,6634,19744.0,3025.3264,Use,C8P,7,0.89683735,0.10613552
Exp391:TAAGTCGAGCATCAGGx,10663,4227,10663.0,2705.2148,Use,C8P,7,0.89179456,0.31924808
Exp391:TAACTTCCAGCCCACAx,15314,6466,15314.0,3220.5469,Use,C8P,7,0.9225318000000001,0.0
Exp391:TACGGGCTCTTACCGCx,10497,4841,10497.0,2915.915,Use,C8P,7,0.89013445,0.16776708
Exp391:TACGGTAGTGAATGATx,11313,3932,11313.0,2622.1064,Use,C8P,7,0.8934867,0.17634332
Exp391:TACGTCCGTAACCAGGx,12492,5646,12492.0,2839.7964,Use,C8P,7,0.8981986999999999,0.20340207
Exp391:TAGGGTTCACAGTGTTx,3486,1751,3486.0,2244.6838,Use,C8P,7,0.8932964,0.085929036
Exp391:TATACCTAGGCCTAGAx,8219,4272,8219.0,2803.7087,Use,C8P,7,0.8898538,0.1917474
Exp391:TAGGTACTCCACGTAAx,9314,4734,9314.0,2822.4155,Use,C8P,7,0.90258247,0.2783428
Exp391:TATTGGGCAGAGGACTx,12656,3663,12656.0,2977.1829,Use,C8P,7,0.9140764000000001,0.05725199
Exp391:TCACTCGAGTCACGAGx,11776,4915,11776.0,2742.0078,Use,C8P,7,0.8797841000000001,0.07771242
Exp391:TCATGCCAGTCACACTx,12357,5869,12357.0,2940.9893,Use,C8P,7,0.88248956,0.08395624
Exp391:TCTATACTCCATACAGx,19033,13011,19033.0,3112.761,Use,C8P,7,0.88809824,0.30905944
Exp391:TCTACATAGAGTACCGx,5354,3515,5354.0,2625.976,Use,C8P,7,0.8888488000000001,0.14722615
Exp391:TCTGGCTTCGCGGTACx,6815,3826,6815.0,2712.239,Use,C8P,7,0.88981944,0.22257653
Exp391:TCTTTGACAAATGATGx,8148,3775,8148.0,2736.618,Use,C8P,7,0.8900899999999999,0.16961029
Exp391:TGGATCAAGGTAAGGAx,9682,3391,9682.0,2539.1301,Use,C8P,7,0.88298017,0.16543046
Exp391:TGGGATTCATAGGCGAx,12683,4006,12683.0,2821.4624,Use,C8P,7,0.8913673000000001,0.13289353
Exp391:TGTGATGCAAATCAGAx,8502,3432,8502.0,2757.9302,Use,C8P,7,0.89360464,0.0561381
Exp391:TGTTACTTCGAAGTGGx,32872,8694,32872.0,3321.7158,Use,C8P,7,0.87041146,0.134107
Exp391:TGTGCGGTCGGTGCACx,15736,3850,15736.0,3154.2297,Use,C8P,7,0.9081385000000001,0.038705558
Exp391:TGTTGAGGTTTAGAGAx,11158,4339,11158.0,2628.9153,Use,C8P,7,0.85173947,0.22876254
Exp391:TTCCTAAAGGCGCTCTx,10169,4669,10169.0,2913.6184,Use,C8P,7,0.89023507,0.15854937
Exp391:TTCTCTCGTATCATGCx,9426,4636,9426.0,2919.9958,Use,C8P,7,0.90603256,0.056354553
Exp391:TTGACCCCAGACGCTCx,6766,4812,6766.0,2732.089,Use,C8P,7,0.8909756999999999,0.14051184
Exp391:TTGCCTGTCACTGAACx,9638,6160,9638.0,3068.3845,Use,C8P,7,0.91344213,0.20102558
Exp391:TTGGATGCACAACGTTx,6356,3219,6356.0,2619.9204,Use,C8P,7,0.88733625,0.15581095
Exp391:TTGGATGTCTCATTGTx,5701,3588,5701.0,2714.2683,Use,C8P,7,0.88508517,0.17340732
Exp391:TTTCAGTCATCGTGGCx,47240,11602,47240.0,3407.2266,Use,C8P,10,0.8512193000000001,0.11414492
Exp391:TTTCATGGTTTCCCACx,11274,7369,11274.0,2820.4873,Use,C8P,7,0.90135354,0.31503183
Exp391:TTTCGATTCAGTGCGCx,8305,3689,8305.0,2622.1208,Use,C8P,7,0.8656169,0.12176418
