ChIP,ChIP gene #,pval_nascent_48h_up__in__nascent_48h_dn,enriched_nascent_48h_up__in__nascent_48h_dn,chip_pctg_nascent_48h_up,chip_pctg_nascent_48h_dn,pval_nascent_Il2_promoted__in__nascent_Il2_repressed,enriched_nascent_Il2_promoted__in__nascent_Il2_repressed,chip_pctg_nascent_Il2_promoted,chip_pctg_nascent_Il2_repressed,pval_sc_d5_arm_up__in__sc_d5_cl13_up,enriched_sc_d5_arm_up__in__sc_d5_cl13_up,chip_pctg_sc_d5_arm_up,chip_pctg_sc_d5_cl13_up,pval_sc_d8_arm_up__in__sc_d8_cl13_up,enriched_sc_d8_arm_up__in__sc_d8_cl13_up,chip_pctg_sc_d8_arm_up,chip_pctg_sc_d8_cl13_up,pval_d5_KLRG1hi_Runx3_promoted__in__d5_KLRG1hi_Runx3_repressed,enriched_d5_KLRG1hi_Runx3_promoted__in__d5_KLRG1hi_Runx3_repressed,chip_pctg_d5_KLRG1hi_Runx3_promoted,chip_pctg_d5_KLRG1hi_Runx3_repressed,pval_d5_KLRG1lo_Runx3_promoted__in__d5_KLRG1lo_Runx3_repressed,enriched_d5_KLRG1lo_Runx3_promoted__in__d5_KLRG1lo_Runx3_repressed,chip_pctg_d5_KLRG1lo_Runx3_promoted,chip_pctg_d5_KLRG1lo_Runx3_repressed,pval_sc_P2_arm_up__in__sc_P2_cl13_up,enriched_sc_P2_arm_up__in__sc_P2_cl13_up,chip_pctg_sc_P2_arm_up,chip_pctg_sc_P2_cl13_up,pval_sc_P3_arm_up__in__sc_P3_cl13_up,enriched_sc_P3_arm_up__in__sc_P3_cl13_up,chip_pctg_sc_P3_arm_up,chip_pctg_sc_P3_cl13_up,pval_sc_P4_arm_up__in__sc_P4_cl13_up,enriched_sc_P4_arm_up__in__sc_P4_cl13_up,chip_pctg_sc_P4_arm_up,chip_pctg_sc_P4_cl13_up,pval_sc_P5_arm_up__in__sc_P5_cl13_up,enriched_sc_P5_arm_up__in__sc_P5_cl13_up,chip_pctg_sc_P5_arm_up,chip_pctg_sc_P5_cl13_up,pval_sc_P6_arm_up__in__sc_P6_cl13_up,enriched_sc_P6_arm_up__in__sc_P6_cl13_up,chip_pctg_sc_P6_arm_up,chip_pctg_sc_P6_cl13_up,pval_sc_P9_arm_up__in__sc_P9_cl13_up,enriched_sc_P9_arm_up__in__sc_P9_cl13_up,chip_pctg_sc_P9_arm_up,chip_pctg_sc_P9_cl13_up
2021_GoldrathLab_Brd4___BRD4_TE-CD8,8410,0.0011,-,44.6501,47.7344,0.0194,+,50.6445,46.7433,0.0000,-,61.9944,72.9906,0.0000,+,76.6058,62.6041,0.0014,+,65.5699,60.6684,0.0239,-,59.8940,64.5815,0.0000,+,64.5695,56.5740,0.0137,+,79.9663,74.1268,0.0000,-,63.9383,72.6930,0.9176,,76.1047,76.5051,0.0854,,71.7419,76.1905,0.0000,-,61.9188,68.7569
2021_GoldrathLab_Brd4___BRD4_NAV-CD8,7333,0.0000,-,35.8556,45.2074,0.0340,+,45.1128,41.5982,0.0000,-,53.5443,62.5459,0.0000,+,67.4104,52.4809,0.0000,+,58.8937,48.7918,0.0045,-,50.6184,56.6520,0.0004,+,55.1876,49.6060,0.8267,,63.4680,62.7426,0.0013,-,55.2788,62.0841,0.0166,-,60.3928,66.9604,0.0311,-,56.9032,63.0476,0.0040,-,54.4732,57.7443
2021_GoldrathLab_Brd4___BRD4_MP-CD8,7086,0.0000,-,36.5519,41.5476,0.0768,,43.9313,40.9962,0.0000,-,52.3829,64.3819,0.0000,+,69.3712,52.3144,0.0000,+,60.8011,49.3573,0.0096,-,52.2085,57.7093,0.0000,+,56.2362,48.6520,0.4667,,70.0337,68.0466,0.0133,-,57.4140,62.6491,0.0526,,65.1391,70.3377,0.0437,-,62.1935,67.8095,0.0001,-,53.1489,57.6335
2020_PNAS_KwesiMaliepaard___H3K79me2_naive-CD8,8091,0.0000,-,41.6453,48.7801,0.0202,+,49.1944,45.3202,0.0000,-,61.7541,69.5634,0.0000,+,73.6984,61.6051,0.0239,+,63.7577,60.2571,0.0067,-,57.4205,63.0837,0.0000,+,62.1413,55.1224,0.0000,+,76.5993,65.8473,0.0000,-,62.1590,71.1237,0.8665,,71.3584,70.7783,0.1725,,71.8710,68.1905,0.0000,-,61.2419,67.7820
2020_PNAS_KwesiMaliepaard___H3K79me2_mem-CD8,7425,0.0000,-,36.7900,46.0439,0.0449,+,45.9184,42.5835,0.0000,-,57.7493,65.9731,0.0000,+,71.9405,55.9274,0.0696,,60.0858,57.2237,0.0000,-,51.7668,60.7930,0.0000,+,59.3267,49.8548,0.0000,+,76.0943,62.4838,0.0001,-,58.8375,66.7294,0.9884,,67.5941,67.4009,0.8489,,65.8065,66.4762,0.0000,-,56.5333,62.1538
2020_PNAS_KwesiMaliepaard___H3K4me3_mem-CD8,14161,0.0000,+,69.5859,63.2276,0.0000,+,73.5768,66.9951,0.0002,-,87.1846,90.5345,0.0095,+,89.9256,87.4292,0.0020,+,83.4049,79.5887,0.1892,,79.7703,82.0264,0.0004,+,88.1347,84.2389,0.8567,,91.2458,90.8150,0.8497,,90.5101,90.8349,0.6919,,91.8167,91.0426,0.9109,,90.0645,89.7143,0.0000,-,87.0806,90.3390
2019_IMMUNITY_Veeken___Eomes_LCMV-d07-CD8,821,0.3531,,3.9209,4.2872,0.0800,,5.2095,6.6229,0.0065,-,5.8070,7.7927,0.0000,+,10.2772,4.0293,0.6550,,5.4363,5.8098,0.0000,-,6.0071,11.4537,0.0316,+,6.8985,5.2675,0.2682,,12.9630,10.8668,0.0650,,8.6595,6.5286,0.1278,,9.6563,12.4816,0.0030,-,7.4839,12.5714,0.4452,,5.5327,5.1185
2018_SCIENCE_Pace_native___H3K9me3_native_invitro-d3-CD8-WT,214,0.1042,,0.2931,0.5054,0.7033,,0.1611,0.2737,0.9644,,0.4405,0.4896,0.4586,,0.4057,0.2498,0.0542,,0.5722,0.1542,0.9968,,0.4417,0.3524,0.9651,,0.3311,0.2903,0.4612,,0.6734,0.2587,0.6596,,0.5931,0.3766,0.9032,,0.3273,0.4405,0.5974,,0.7742,0.3810,0.5970,,0.3826,0.2881
2018_IMMUNITY_Page___Tox_LCMVova_CNS-OTI-CD8-WT,5045,0.4727,,27.5192,28.1457,0.0000,+,35.9828,21.7296,0.3721,,40.3684,39.0861,0.0000,+,47.2617,36.4968,0.0000,+,46.4950,26.3753,0.6574,,34.8940,33.9207,0.0000,+,41.0596,33.5545,0.7079,,41.9192,43.0789,0.5591,,41.9929,40.6780,0.5405,,42.0622,43.9060,0.9577,,40.7742,40.7619,0.9651,,39.4938,39.4195
2018_IMMUNITY_Page___Tox_LCMVova_CNS-OTI-CD8-ToxKO,1603,0.1027,,8.6112,9.5155,0.0000,+,12.5134,6.6229,0.9785,,14.4974,14.4839,0.0000,+,17.7147,11.9214,0.0000,+,18.4072,8.3805,0.5074,,12.8092,11.8062,0.0001,+,14.3488,10.3691,0.2119,,16.8350,14.2303,0.9330,,14.4721,14.6893,0.1496,,15.0573,18.2085,0.9603,,16.5161,16.5714,0.9878,,13.4197,13.4057
2018_FRONTIERS_IMMUNOL_Li___Eomes_invitro-act-OTI-EomesOE,1642,0.5966,,8.5562,8.2607,0.3354,,12.0301,13.1363,0.0000,-,10.6528,16.3607,0.0000,+,18.5936,8.9078,0.0049,+,12.1602,9.3573,0.0000,-,12.6325,22.2026,0.3074,,11.9205,10.8669,0.5593,,21.0438,22.5097,0.6111,,13.2859,14.1243,0.0001,-,15.0573,24.2291,0.0000,-,12.6452,24.3810,0.0372,+,11.0065,9.5502
2017_PNAS_Li___STAT5B_noIL2-CD8,282,0.8916,,0.8428,0.8017,0.9537,,0.9667,1.0400,0.1343,,1.2415,0.7752,0.9203,,0.9466,0.9324,0.5213,,0.9537,0.7198,0.4428,,0.9717,1.4097,0.4892,,1.2693,0.9954,0.6070,,1.3468,0.9056,0.9331,,1.0676,0.9416,0.6703,,0.6547,1.0279,0.1289,,1.6774,0.5714,0.0978,,1.0300,0.6647
2017_PNAS_Li___STAT5B_IL2-WT-CD4,1746,0.0075,+,10.0220,8.5396,0.0000,+,18.2062,11.1111,0.0000,-,11.9343,16.3607,0.0000,+,18.2556,10.0899,0.0046,+,13.2093,10.2828,0.0000,-,11.3074,22.9956,0.1383,,12.6932,11.1572,0.0528,,19.5286,24.0621,0.8085,,14.2349,14.6893,0.0000,-,15.0573,26.1380,0.0000,-,12.3871,28.1905,0.9241,,11.5951,11.5001
2017_PNAS_Li___STAT5B_IL2-UP-deletion-CD4,7602,0.0001,+,43.4958,39.8745,0.0000,+,54.6724,34.7564,0.1765,,57.4289,59.3635,0.0000,+,62.9479,54.6121,0.0000,+,58.6075,48.9460,0.0198,-,49.8233,54.8018,0.0002,+,57.2848,51.3895,0.5508,,60.1010,61.8370,0.6901,,61.6845,60.7659,0.0765,,58.9198,63.8767,0.4379,,58.0645,60.3810,0.0220,-,56.0330,58.6306
2017_PNAS_Li___STAT5B_IL2-IN2-deletion-CD4,5473,0.0750,,31.4584,29.8885,0.0000,+,41.9441,25.2874,0.4936,,42.6512,43.6557,0.0000,+,48.0730,39.4106,0.0000,+,46.4473,32.5964,0.0053,-,36.3958,42.2026,0.2332,,41.0596,39.1954,0.1542,,44.6128,48.6417,0.9938,,43.8909,43.8167,0.0314,-,44.5172,50.6608,0.0648,,42.8387,48.1905,0.4011,,41.2007,42.1671
2017_PNAS_Li___STAT5B_IL2-IN1-deletion-CD4,1710,0.0067,+,9.8021,8.3130,0.0000,+,18.0451,10.9469,0.0000,-,11.6139,15.8711,0.0000,+,17.9851,9.5072,0.0016,+,13.1617,9.9229,0.0000,-,10.7774,21.6740,0.0799,,12.3068,10.5350,0.1606,,19.3603,22.6391,0.9734,,14.2349,14.3754,0.0000,-,15.2209,24.6696,0.0000,-,12.3871,27.2381,0.6090,,11.3596,10.9683
2017_PNAS_Li___STAT5B_IL2-CD8,2526,0.0042,+,13.3565,11.5545,0.0000,+,22.8249,16.6393,0.0000,-,15.2183,21.9910,0.0000,+,23.7323,13.3533,0.0000,+,18.5503,13.0591,0.0000,-,15.6360,27.6652,0.2964,,16.6667,15.4293,0.0066,-,23.4007,30.1423,0.1021,,17.0819,19.8996,0.0000,-,18.1669,33.3333,0.0000,-,16.3871,34.0952,0.7128,,15.2148,14.8903
2017_PNAS_Li___STAT5B_IL2-CD4,5394,0.0000,+,28.1605,24.1199,0.0008,+,36.8421,31.5271,0.0000,-,32.1185,41.1261,0.0000,+,45.4361,29.4872,0.0000,+,37.1960,26.8380,0.0000,-,32.2438,47.2247,0.0080,+,34.7682,30.8586,0.0434,-,45.9596,51.6171,0.1334,,35.1127,38.2925,0.0000,-,36.4975,51.9824,0.0000,-,33.1613,50.6667,0.1151,,32.9606,31.2652
2017_PNAS_Li___STAT3_noIL21-CD4,238,0.2906,,0.8978,1.1154,0.2787,,1.0741,1.5326,0.0694,,1.2014,1.8768,0.9477,,1.3523,1.3320,0.0504,,1.3352,0.6684,0.1501,,0.9717,1.7621,0.7964,,1.2693,1.4102,0.8628,,2.3569,2.0699,0.2499,,1.0676,1.7577,0.2673,,1.4730,2.4963,0.1159,,1.0323,2.2857,0.2099,,1.5009,1.1522
2017_PNAS_Li___STAT3_IL21-CD4,2779,0.0276,-,13.9978,15.4932,0.8385,,19.6563,19.9781,0.0000,-,19.5835,25.1326,0.0000,+,27.6538,17.4326,0.0984,,20.4101,18.3033,0.0000,-,15.8127,32.4229,0.0002,+,21.3024,16.7565,0.1599,,27.7778,31.4360,0.8151,,22.5386,22.0339,0.0000,-,23.0769,34.2144,0.0000,-,20.9032,33.7143,0.9889,,19.2466,19.2333
2017_PNAS_Li___H3K4me3-noIL2-CD4,13677,0.0000,+,72.4258,62.9313,0.0000,+,75.4028,66.9951,0.0000,-,88.0657,92.2889,0.8557,,90.0609,90.2597,0.0003,+,86.0753,81.8509,0.8003,,82.9505,83.4361,0.0001,+,89.6247,85.4832,0.8417,,92.9293,92.4968,0.0738,,90.6287,92.7809,0.5134,,92.1440,93.2452,0.0837,,92.7742,89.9048,0.0000,-,89.2290,92.9537
2017_PNAS_Li___H3K4me3_IL2-CD4,13823,0.0000,+,72.2243,62.7396,0.0000,+,75.6176,67.3235,0.0000,-,88.2659,92.4929,0.6491,,89.7228,90.1598,0.0001,+,85.8846,81.3882,0.9328,,82.3322,82.5551,0.0002,+,89.6799,85.8565,0.7876,,92.0875,92.6261,0.3319,,91.4591,92.6554,0.5870,,92.3077,93.2452,0.4077,,92.1290,90.6667,0.0000,-,88.9935,92.7321
2017_PNAS_Li___H3K27Ac-noIL2-CD4,11701,0.0000,+,67.0575,58.9578,0.0000,+,69.4952,61.5764,0.0000,-,85.0621,89.9225,0.9835,,87.0183,86.9963,0.0020,+,83.0711,79.2288,0.3377,,80.4770,78.7665,0.0000,+,85.5408,78.0589,0.1207,,92.5926,90.0388,0.3027,,88.8493,90.2699,0.9532,,90.9984,90.7489,0.0862,,92.2581,89.3333,0.0000,-,86.1683,90.7379
2017_PNAS_Li___H3K27Ac_IL2-WT-CD4,12167,0.0000,+,68.4500,59.4109,0.0000,+,73.2546,61.2479,0.0000,-,85.1422,89.7185,0.5260,,87.9648,87.3127,0.0013,+,83.4526,79.4859,0.3840,,79.1519,80.7048,0.0000,+,85.5960,80.6304,0.3857,,91.0774,89.5213,0.0696,,87.6631,90.1444,0.3013,,88.3797,90.3084,0.1198,,90.3226,87.4286,0.0000,-,85.7858,90.2725
2017_PNAS_Li___H3K27Ac_IL2-UP-deletion-CD4,12990,0.0000,+,70.4104,60.4392,0.0000,+,75.0269,62.2879,0.0421,-,87.9856,89.8409,0.8727,,88.3705,88.1785,0.0006,+,83.6910,79.4859,0.8992,,80.3004,80.0000,0.0001,+,87.8035,83.4509,0.9710,,89.5623,89.6507,0.3402,,89.6797,90.9605,0.6414,,90.5074,89.5742,0.0658,,90.4516,87.0476,0.0000,-,87.5515,90.5828
2017_PNAS_Li___H3K27Ac_IL2-IN2-deletion-CD4,12233,0.0000,+,68.9080,60.0209,0.0000,+,73.2546,62.1784,0.0000,-,86.3036,90.7793,0.1229,,87.2887,88.7612,0.0135,+,83.7387,80.7198,0.9394,,80.9187,80.7048,0.0000,+,87.1965,80.2157,0.7083,,90.0673,90.8150,0.0226,-,88.3749,91.3371,0.0493,-,88.8707,92.2173,0.2500,,91.7419,89.7143,0.0000,-,87.3749,91.7350
2017_PNAS_Li___H3K27Ac_IL2-IN1-deletion-CD4,12574,0.0000,+,69.4760,59.9686,0.0000,+,74.3287,61.9048,0.0057,-,86.9844,89.5553,0.8249,,87.9648,87.7123,0.0015,+,83.2618,79.3316,0.8914,,79.8587,80.1762,0.0001,+,86.6998,82.2480,0.3585,,90.0673,88.3571,0.2796,,88.8493,90.3327,0.9743,,89.1980,88.9868,0.0644,,89.2903,85.7143,0.0000,-,86.7569,90.3169
2017_PNAS_Li___H3K27Ac_IL2-CD4,11747,0.0000,+,68.1935,58.5221,0.0000,+,73.4694,59.7154,0.0000,-,85.5427,89.7185,0.1768,,85.9364,87.2960,0.0000,+,83.6910,78.1491,0.0343,+,81.7138,78.0617,0.0000,+,85.0993,78.3907,0.4227,,91.5825,90.1682,0.2030,,88.7307,90.4583,0.4777,,90.3437,91.6300,0.0776,,92.0000,88.9524,0.0000,-,85.5209,90.6049
2017_NAT_IMMUNOL_Yu___H3K4me3_P14-CD8-TN,5666,0.0011,-,31.4401,34.3674,0.0244,+,34.9624,31.4176,0.0000,-,43.9728,52.9988,0.0000,+,55.3076,46.0206,0.0647,,47.7825,44.8329,0.1642,,40.9011,43.8767,0.0013,+,45.4746,40.4811,0.0016,+,57.2391,48.5123,0.0018,-,45.7888,52.5424,0.8270,,51.7185,50.9545,0.8076,,50.5806,51.4286,0.0001,-,45.7328,50.2105
2017_NAT_IMMUNOL_Yu___H3K4me3_P14-CD8-TE,7288,0.0426,+,43.0744,41.1642,0.0049,+,44.2535,39.6278,0.0000,-,55.8270,68.1355,0.0000,+,69.3036,58.3084,0.0073,+,60.5627,56.3496,0.5730,,53.7986,55.0661,0.0000,+,59.7682,50.9747,0.0000,+,77.2727,64.1656,0.0001,-,59.9051,68.1733,0.2129,,71.1948,67.8414,0.8958,,68.2581,68.7619,0.0000,-,56.5627,64.1923
2017_NAT_IMMUNOL_Yu___H3K4me3_P14-CD8-MP,6520,0.2846,,38.3291,37.3301,0.0000,+,41.6219,34.6470,0.0000,-,50.8210,59.5267,0.0000,+,62.3394,52.6640,0.0062,+,54.1726,49.8201,0.7210,,49.4700,50.3084,0.0000,+,53.8079,45.1265,0.0028,+,66.6667,58.6028,0.0052,-,54.6856,60.6403,0.2286,,62.0295,58.5903,0.2142,,60.0000,56.3810,0.0000,-,51.7657,57.6557
2017_NAT_IMMUNOL_Yu___H3K4me3_P14-CD8-Memory,11227,0.0000,+,65.0055,56.7968,0.0000,+,67.9377,56.2124,0.0000,-,82.2988,86.6177,0.0520,,86.0717,83.9827,0.0014,+,80.7821,76.6067,0.2551,,76.6784,74.5374,0.0000,+,83.6093,76.1095,0.0033,+,90.5724,85.1229,0.4533,,86.4769,87.6334,0.4648,,88.7070,87.2247,0.0116,+,89.2903,84.3810,0.0000,-,84.2260,87.8351
2017_NAT_IMMUNOL_Yu___H3K4me1_P14-CD8-TN,12275,0.4087,,60.0037,59.2192,0.0001,+,68.1525,61.8500,0.0004,-,79.9359,83.8841,0.0000,+,87.4239,77.4892,0.1351,,74.5351,76.6067,0.0005,-,73.4099,79.7357,0.0000,+,82.1192,74.5334,0.0244,+,88.3838,83.9586,0.4047,,81.6133,83.0508,0.3774,,87.7250,85.9031,0.5499,,82.9677,84.3810,0.0004,-,79.2525,82.4064
2017_NAT_IMMUNOL_Yu___H3K4me1_P14-CD8-TE,15671,0.0000,+,74.9176,66.7829,0.0000,+,79.1085,69.7318,0.0014,-,93.8326,95.8792,0.1022,,95.1995,94.0559,0.0708,,88.6028,86.6838,0.2642,,88.2509,86.6079,0.0002,+,94.1501,91.0825,0.0159,+,97.6431,94.9547,0.8644,,95.4923,95.7313,0.0582,,97.2177,95.0073,0.0024,+,97.5484,94.0952,0.0000,-,93.7905,96.1002
2017_NAT_IMMUNOL_Yu___H3K4me1_P14-CD8-MP,12083,0.0006,+,62.4405,59.2367,0.0000,+,69.4952,60.6459,0.0000,-,82.4189,87.2297,0.0000,+,89.2495,80.8192,0.6713,,78.4931,77.8920,0.4810,,78.5336,79.8238,0.0000,+,83.2230,75.9851,0.0002,+,92.9293,86.5459,0.1024,,84.5789,87.0684,0.1009,,90.6710,87.6652,0.4774,,88.5161,87.0476,0.0000,-,81.3714,85.8409
2017_NAT_IMMUNOL_Yu___H3K4me1_P14-CD8-Memory,11565,0.0528,,54.8736,56.7097,0.0031,+,64.3394,59.5512,0.0000,-,75.4906,82.1705,0.0000,+,87.6944,71.3620,0.2089,,72.6276,70.7969,0.0001,-,71.2014,78.2379,0.0000,+,78.2561,70.0124,0.0000,+,89.7306,80.8538,0.7262,,77.6987,78.4055,0.5501,,83.9607,85.3157,0.1649,,79.6129,82.8571,0.0000,-,73.6315,77.6202
2017_NAT_IMMUNOL_Yu___H3K27me3_P14-CD8-TN,4470,0.0000,+,13.9428,10.9620,0.0920,,16.1654,14.1215,0.0582,,14.5775,12.6887,0.0156,+,14.6721,12.2877,0.0029,+,12.7325,9.7172,0.2672,,11.9258,13.5683,0.0028,-,14.3488,17.8349,0.1857,,12.9630,15.6533,0.0677,,14.8280,12.1155,0.3631,,11.9476,13.8032,0.1540,,9.5484,12.1905,0.0799,,12.1248,10.8354
2017_NAT_IMMUNOL_Yu___H3K27me3_P14-CD8-TE,8010,0.6523,,28.9850,28.5814,0.0898,,35.7680,33.0597,0.0006,+,38.9267,34.1901,0.0000,+,44.4219,30.8358,0.0034,+,32.9995,28.6889,0.0000,-,30.7420,41.9383,0.0726,,38.4106,35.6698,0.5493,,41.0774,39.3273,0.0000,+,42.1115,33.0822,0.6949,,37.4795,36.2702,0.4471,,33.4194,35.6190,0.0005,+,35.1383,31.3982
2017_NAT_IMMUNOL_Yu___H3K27me3_P14-CD8-MP,8024,0.6168,,27.9773,27.5357,0.1506,,34.7476,32.4576,0.0002,+,36.8843,31.7829,0.0000,+,41.8526,29.5038,0.0007,+,32.2365,27.3008,0.0000,-,29.2403,39.6476,0.4814,,36.6446,35.5454,0.3056,,38.5522,35.7050,0.0021,+,38.3155,32.0151,0.6876,,34.6972,33.4802,0.0531,,28.5161,33.7143,0.0002,+,33.2843,29.2932
2017_NAT_IMMUNOL_Yu___H3K27me3_P14-CD8-Memory,2344,0.0005,+,7.4203,5.7686,0.0037,+,10.1504,7.3892,0.0143,+,7.8494,6.0384,0.0505,,7.3022,5.8941,0.3243,,5.6271,4.8843,0.0017,-,4.5053,7.7533,0.0003,-,6.8433,10.0788,0.1203,,4.3771,6.4683,0.1286,,6.8802,5.2731,0.8169,,4.4190,4.8458,0.0856,,3.0968,5.1429,0.1297,,5.9741,5.1629
2017_NAT_IMMUNOL_Yu___H3K27ac_P14-CD8-TN,6290,0.0000,-,31.4584,41.1293,0.0217,+,38.4533,34.7564,0.0000,-,47.4169,57.5275,0.0000,+,61.6633,48.4515,0.0000,+,56.1278,44.8329,0.0658,,43.7279,47.6652,0.0001,+,49.8896,43.5919,0.1238,,57.2391,52.9107,0.0016,-,48.5172,55.3045,0.1755,,51.8822,55.8003,0.1706,,50.0645,54.0952,0.0001,-,49.7057,54.1768
2017_NAT_IMMUNOL_Yu___H3K27ac_P14-CD8-TE,11362,0.0000,+,62.2023,58.2956,0.0001,+,65.1450,58.8944,0.0000,-,81.8182,88.1681,0.0000,+,89.3847,82.9837,0.0039,+,81.7358,78.0463,0.4691,,78.4452,77.0925,0.0000,+,82.0088,75.6118,0.0022,+,93.6027,88.6158,0.5338,,86.5955,87.5706,0.8811,,90.9984,90.6021,0.2418,,89.6774,87.4286,0.0000,-,84.2554,88.1897
2017_NAT_IMMUNOL_Yu___H3K27ac_P14-CD8-MP,10683,0.0044,+,59.4907,56.8142,0.0000,+,64.0172,56.3218,0.0000,-,78.2139,86.6993,0.0000,+,86.5450,80.7526,0.0010,+,79.8283,75.4756,0.5522,,75.6184,74.4493,0.0000,+,80.0221,72.5840,0.1163,,89.7306,86.8047,0.0807,,83.3926,86.1268,0.5963,,87.8887,88.9868,0.9474,,86.1935,85.9048,0.0000,-,81.7245,85.8187
2017_NAT_IMMUNOL_Yu___H3K27ac_P14-CD8-Memory,7810,0.0000,-,40.9857,47.0722,0.0248,+,47.7981,44.0613,0.0000,-,57.1886,71.1954,0.0000,+,75.3888,59.3573,0.0000,+,65.6175,56.4010,0.0016,-,54.5053,61.1454,0.0000,+,61.2031,54.6246,0.0178,+,75.4209,69.4696,0.0037,-,61.4472,67.4200,0.0182,-,67.2668,73.4214,0.0041,-,61.8065,69.7143,0.0009,-,61.9188,65.5661
2017_NAT_IMMUNOL_Shan___H3K4Me3_LCMVarmD4-P14-CD8-WT,12441,0.0000,+,66.5628,58.6093,0.0000,+,69.8174,61.8500,0.0000,-,83.3801,87.8825,0.0000,+,87.6944,82.9171,0.0000,+,81.0205,75.0129,0.9444,,78.7986,78.5903,0.0000,+,85.2097,79.5521,0.6361,,90.5724,89.6507,0.3283,,86.4769,87.9473,0.2378,,91.6530,89.5742,0.4944,,87.7419,89.1429,0.0000,-,83.2549,86.7937
2017_NAT_IMMUNOL_Shan___H3K4Me3_LCMVarmD4-P14-CD8-Runx3KO,12244,0.0000,+,66.2514,57.8076,0.0000,+,69.4415,61.3574,0.0000,-,82.2187,87.3929,0.0011,+,85.9364,82.3510,0.0003,+,79.4468,74.6015,0.0895,,76.1484,79.2070,0.0008,+,83.6645,79.5521,0.9018,,88.7205,88.3571,0.2125,,85.2906,87.1940,0.9155,,89.0344,88.6931,0.5729,,86.5806,87.8095,0.0000,-,81.5185,85.9074
2017_NAT_IMMUNOL_Shan___H3K4Me1_LCMVarmD4-P14-CD8-Runx3KO,5794,0.0014,-,28.3987,31.1781,0.1626,,35.8217,38.0952,0.0021,-,42.2907,46.6748,0.0000,+,55.8485,34.6820,0.0000,-,32.8565,41.3368,0.0000,-,34.7173,58.3260,0.0000,+,45.5850,34.6744,0.3840,,57.7441,55.2393,0.0419,+,46.3820,41.9962,0.1982,,53.8462,57.5624,0.0000,-,44.7742,58.8571,0.1636,,37.6104,39.1757
2017_NAT_IMMUNOL_Shan___H3K27Me3_LCMVarmD4-P14-CD8-WT,5983,0.3253,,19.6959,18.9439,0.1369,,25.0806,22.9338,0.0000,+,27.3528,20.3998,0.0000,+,29.6146,19.3640,0.0127,+,20.8870,17.7378,0.0000,-,19.5230,29.1630,0.5499,,25.9934,25.1348,0.2507,,26.9360,24.0621,0.0000,+,28.9442,20.1507,0.1476,,24.2226,20.7048,0.5767,,20.6452,22.0952,0.0000,+,23.4550,18.8566
2017_NAT_IMMUNOL_Shan___H3K27Me3_LCMVarmD4-P14-CD8-Runx3KO,5135,0.6569,,15.9216,15.5978,0.7081,,20.0859,19.5402,0.0000,+,22.1065,15.4631,0.0000,+,25.0169,14.8851,0.0008,+,17.5012,13.6247,0.0009,-,15.9011,21.4097,0.7080,,21.3024,20.7798,0.0314,+,23.4007,18.4994,0.0000,+,23.6062,15.4426,0.1365,,19.4763,16.1527,0.3964,,15.2258,17.1429,0.0000,+,19.1878,14.4250
2017_NAT_IMMUNOL_Shan___H3K27Ac_LCMVarmD4-P14-CD8-WT,9399,0.0000,+,54.6720,50.4183,0.0000,+,58.3244,47.9475,0.0000,-,70.2843,80.8242,0.4541,,75.4564,76.4236,0.0000,+,75.1073,66.9409,0.0002,+,70.7597,63.3480,0.0000,+,72.7373,66.6528,0.9575,,80.4714,80.2070,0.0000,-,73.3096,83.1136,0.5827,,81.3421,82.6725,0.1900,,82.8387,79.8095,0.0000,-,72.1012,80.7224
2017_NAT_IMMUNOL_Shan___H3K27Ac_LCMVarmD4-P14-CD8-Runx3KO,9882,0.0000,+,56.7974,52.6316,0.0000,+,61.2782,51.9431,0.0000,-,72.0465,83.3537,0.3025,,78.4990,77.2061,0.0009,+,75.5365,70.8483,0.0927,,70.6714,73.9207,0.0002,+,74.5033,69.2659,0.1574,,82.8283,85.7697,0.0000,-,75.4448,84.5574,0.0082,-,83.6334,88.8399,0.4878,,83.3548,84.9524,0.0000,-,74.4850,81.5422
2017_NAT_IMMUNOL_Shan___CBFb_Naive_P14-CD8-WT,5180,0.0000,-,24.5694,30.6030,0.0015,+,32.3845,27.5315,0.0010,-,38.0056,42.6357,0.0000,+,52.4003,33.2001,0.0000,+,42.6323,32.0308,0.0000,-,31.2721,45.1982,0.0000,+,40.9492,31.6051,0.9121,,46.6330,46.1837,0.9509,,41.3998,41.6196,0.0120,-,42.0622,49.1924,0.1706,,40.7742,44.7619,0.2766,,36.9335,38.1564
2017_NAT_IMMUNOL_Shan___CBFb_Naive_P14-CD8-CbfbKO,227,0.9040,,0.7695,0.7320,0.4493,,1.1815,0.8758,0.9500,,0.8811,0.9384,0.6043,,1.0142,0.8325,0.9199,,0.9061,0.9254,0.5586,,0.9717,1.3216,0.6685,,1.2693,1.0784,0.6601,,1.0101,0.6468,0.6162,,0.7117,1.0044,0.5385,,0.3273,0.7342,0.3201,,1.2903,0.5714,0.0223,+,1.0300,0.5540
2017_NAT_IMMUNOL_Shan___CBFb_LCMVarmD8_P14-CD8-WT,6201,0.0001,-,32.2279,35.7616,0.0000,+,39.7959,33.2239,0.0001,-,48.0577,53.5700,0.0000,+,65.1792,42.4575,0.0000,+,50.4053,41.9537,0.0333,-,44.6996,49.2511,0.0000,+,50.2208,39.5272,0.0009,+,64.6465,55.6274,0.2679,,50.5338,52.9818,0.5545,,56.9558,58.7372,0.1683,,54.4516,58.4762,0.0643,,46.6451,48.7702
2016_SCIENCE_Mackay___Hobit_invitro-CD8,270,0.5755,,0.9894,1.1154,0.7331,,1.5575,1.3684,0.0229,-,1.2815,2.1624,0.0045,+,2.2312,1.2155,0.1389,,1.1445,1.7481,0.0048,-,1.3251,3.1718,0.4629,,1.8764,1.5346,0.2290,,2.0202,3.2342,0.2658,,0.8304,1.4438,0.1298,,1.6367,3.0837,0.7874,,1.5484,1.9048,0.3552,,1.4126,1.1522
2016_SCIENCE_Mackay___Blimp1-Bio_invitro-CD8,1716,0.0630,,8.3914,9.4109,0.0034,-,11.2245,14.5047,0.0000,-,11.1734,16.1567,0.0000,+,19.9459,8.7246,0.6267,,12.1125,11.5681,0.0000,-,9.5406,23.3480,0.0027,+,13.6865,10.6180,0.3868,,17.1717,19.1462,0.8982,,12.5741,12.3038,0.0005,-,12.6023,19.9706,0.0026,-,13.4194,19.8095,0.0043,+,11.9188,9.8826
2016_NAT_IMMUNOL_Xing___Tcf1_naive-CD8-WT,5013,0.0000,-,24.7893,30.5856,0.0033,+,32.9216,28.4072,0.2618,,40.0881,41.6973,0.0000,+,52.3327,34.7319,0.0015,+,38.9604,34.0874,0.0000,-,33.3922,45.0220,0.0000,+,41.2804,31.6881,0.0143,+,49.4949,42.6908,0.2851,,39.9763,42.3101,0.9244,,45.4992,45.0808,0.9107,,42.1935,42.6667,0.7779,,38.4049,38.0678
2016_NAT_IMMUNOL_Roychoudhuri___p300_invitro-CD8-WT,185,0.8544,,1.0443,1.0979,0.6208,,1.2352,1.4778,0.5944,,1.5218,1.7544,0.0002,+,2.2312,0.9990,0.0516,,2.0029,1.1825,0.2794,,1.5018,2.2026,0.9578,,1.2141,1.2443,0.9545,,2.5253,2.3286,0.8553,,1.3049,1.1299,0.2673,,1.4730,2.4963,0.0435,-,1.2903,3.0476,0.2747,,1.3832,1.0858
2016_NAT_IMMUNOL_Roychoudhuri___JunD_invitro-stim-CD8-WT,5885,0.1864,,30.6156,29.4528,0.0875,,41.6756,38.8615,0.0000,-,41.2095,50.1020,0.0000,+,53.2792,37.5957,0.0000,+,45.2551,35.6812,0.0000,-,43.2862,52.2467,0.0327,+,40.9492,37.6607,0.0221,-,57.4074,63.6481,0.0046,-,42.2301,48.3365,0.0000,-,49.2635,62.7019,0.0000,-,48.6452,62.0952,0.0515,,38.4049,40.5938
2016_NAT_IMMUNOL_Roychoudhuri___JunD_invitro-stim-CD8-Bach2KO,7855,0.0001,+,40.6010,37.0687,0.0021,+,50.0000,44.8823,0.0000,-,51.0212,60.5875,0.0000,+,64.5030,48.3683,0.0000,+,55.5556,44.5758,0.0000,-,51.8551,61.0573,0.0066,+,52.9249,48.6520,0.0273,-,65.8249,71.5395,0.0203,-,54.0925,59.0709,0.0000,-,58.4288,72.5404,0.0000,-,55.4839,67.8095,0.0143,-,49.1760,51.9832
2015_JEM_Dominguez___Tbet_LCMVarm-D8-CD8-Zeb2KO,5711,0.0000,-,28.8567,33.7574,0.0422,+,36.4662,33.2239,0.0001,-,45.3344,51.0812,0.0000,+,61.9337,39.5271,0.0189,+,44.6829,40.9769,0.0000,-,40.3710,49.0749,0.0000,+,47.1302,36.4164,0.0004,+,63.4680,53.8163,0.0614,,47.2123,51.2869,0.5913,,55.4828,57.1219,0.2904,,55.3548,58.4762,0.0391,-,43.3785,45.7345
2015_JEM_Dominguez___Tbet_LCMVarm-D8-CD8-WT,479,0.0000,-,1.8505,3.4158,0.0055,-,3.1686,5.0356,0.3494,,4.6456,5.2632,0.0000,+,9.4659,2.1479,0.0059,-,3.0997,4.8329,0.0000,-,3.7102,8.2819,0.0000,+,5.8499,2.4886,0.0004,+,11.2795,5.8215,0.0075,+,7.1174,4.4570,0.1956,,9.0016,6.9016,0.0773,,5.5484,8.1905,0.0373,+,4.1201,3.2129
2015_JEM_Dominguez___Tbet_LCMVarm-D8-CD8-Il12-WT,19610,0.0189,+,71.5097,69.4667,0.0000,+,75.5639,68.5276,0.9846,,90.0280,90.0041,0.0034,+,92.0892,89.4938,0.0000,+,85.9800,79.1774,0.4920,,82.9505,81.7621,0.1196,,90.4525,88.9258,0.0876,,92.2559,89.3920,0.9616,,90.9846,90.8349,0.2495,,92.1440,90.1615,0.3124,,89.9355,88.0000,0.0523,,89.3761,90.7157
2015_IMMUNITY_Martinez___Nfat1_invitro-CD8-PI-1h-WT,6617,0.7389,,31.3485,31.0387,0.1136,,39.1515,41.7625,0.0000,-,38.0457,53.4068,0.0000,+,53.2792,37.1129,0.0001,+,43.1569,37.1722,0.0000,-,40.0177,55.6828,0.0655,,43.1015,40.2323,0.0000,-,52.1886,65.8473,0.0003,-,41.9929,49.8431,0.0000,-,43.3715,68.4288,0.0000,-,41.5484,68.3810,0.0926,,38.4344,40.3279
2015_IMMUNITY_Martinez___Nfat1_invitro-CD8-PI-1h-Nfat1KO-CA-RIT-RV,4327,0.1862,,21.6196,20.5821,0.1897,,28.5177,30.5419,0.0000,-,24.3893,39.8205,0.0000,+,36.4435,25.1082,0.0000,+,30.3290,24.0617,0.0000,-,28.1802,42.9075,0.5691,,27.8146,28.6603,0.0000,-,36.1953,56.0155,0.0000,-,28.2325,37.9159,0.0000,-,29.7872,57.2687,0.0000,-,28.3871,58.8571,0.0214,-,24.7793,27.0995
2015_IMMUNITY_Martinez___Nfat1_invitro-CD8-PI-1h-Nfat1KO,694,0.5878,,3.3162,3.5204,0.0000,+,7.8410,2.8462,0.1010,,7.3288,6.1200,0.0000,+,8.5193,5.0283,0.2658,,5.3887,4.5758,0.3874,,7.0671,6.0793,0.0206,+,5.7395,4.1477,0.5742,,8.4175,9.4437,0.0347,+,8.8968,6.4658,0.5550,,11.4566,10.2790,0.1022,,9.5484,12.5714,0.6047,,4.6204,4.8970
2015_IMMUNITY_Martinez___Nfat1_invitro-CD8-Nfat1KO-CA-RIT-RV,3544,0.0345,+,18.2668,16.7306,0.4304,,24.2213,25.3968,0.0000,-,21.6660,33.8637,0.0000,+,29.4794,22.0446,0.0000,+,25.8464,20.1028,0.0000,-,24.4700,34.6256,0.1888,,22.2406,24.0149,0.0000,-,31.4815,49.4179,0.0000,-,23.8434,32.5800,0.0000,-,27.1686,49.3392,0.0000,-,26.4516,52.1905,0.0091,-,20.6298,23.1110
2015_IMMUNITY_Martinez___Nfat1_invitro-CD8-Nfat1KO,262,0.5818,,1.0077,1.1328,0.0034,+,2.4168,1.0947,0.0000,+,3.4842,1.5912,0.9501,,2.0960,2.1645,0.0260,+,1.8598,0.9769,0.4878,,1.2367,1.6740,0.0214,+,1.9316,1.0369,0.9196,,2.8620,3.1048,0.0003,+,4.0332,1.5694,0.0619,,4.7463,2.6432,0.6539,,3.8710,3.2381,0.7246,,1.6775,1.5511
2014_NAT_IMMUNOL_Kurachi___JunD-invitro-d3-CD8,436,0.9007,,2.1436,2.1959,0.9252,,2.9538,2.9557,0.0034,-,2.4830,3.9984,0.0000,+,4.1244,2.1812,0.4510,,2.9566,2.5193,0.0000,-,2.2968,6.0793,0.4102,,2.5938,3.0693,0.0434,-,3.5354,6.0802,0.0808,,2.6097,4.0804,0.0244,-,3.4370,6.3142,0.0207,-,2.9677,5.7143,0.8368,,2.3838,2.4817
2014_NAT_IMMUNOL_Kurachi___JunB-invitro-d3-CD8,174,0.8055,,0.6413,0.6971,0.9620,,0.6982,0.6568,0.5004,,0.7609,0.9792,0.1259,,1.2170,0.7659,0.5001,,0.9061,0.6684,0.3079,,0.7951,1.3216,0.3951,,0.8830,1.2028,0.9310,,1.3468,1.5524,0.5204,,0.7117,1.0672,0.2978,,0.8183,1.6153,0.8457,,0.5161,0.7619,0.3619,,0.7946,0.5983
2014_NAT_IMMUNOL_Kurachi___IRF4-invitro-d3-CD8,4879,0.0485,+,24.7710,23.1614,0.0004,-,29.4307,34.9206,0.0000,-,28.9948,39.9429,0.0000,+,42.0554,27.1562,0.0000,+,33.1903,26.5810,0.0000,-,30.9187,45.9031,0.0320,+,33.5541,30.4023,0.1144,,46.1279,50.5821,0.3433,,34.7568,36.7859,0.0000,-,36.8249,53.3040,0.0000,-,30.9677,50.4762,0.5496,,29.2231,29.8693
2014_NAT_IMMUNOL_Kurachi___IgG-invitro-d3-CD8,84,0.5425,,0.2199,0.2963,0.7436,,0.2148,0.2189,0.7293,,0.1602,0.2448,0.9732,,0.2705,0.2331,0.9005,,0.2861,0.2571,0.9976,,0.1767,0.2643,0.4150,,0.2208,0.4148,0.8189,,0.1684,0.2587,0.1261,,0.0000,0.4394,0.4378,,0.1637,0.5874,0.7340,,0.2581,0.1905,0.7510,,0.2354,0.1773
2014_NAT_IMMUNOL_Kurachi___H3K4me3-invitro-d3-CD8,13195,0.0000,+,72.3342,61.2583,0.0000,+,75.5639,64.1489,0.0001,-,87.7853,91.3505,0.3511,,89.0467,89.9101,0.0000,+,85.7415,80.4113,0.2514,,81.9788,80.0000,0.0002,+,88.3554,84.3633,0.9452,,91.2458,91.2031,0.1125,,90.0356,92.0276,0.5742,,91.8167,92.8047,0.1431,,92.3871,89.9048,0.0000,-,88.1695,92.2889
2014_NAT_IMMUNOL_Kurachi___H3K4me1-invitro-d3-CD8,13915,0.0000,+,68.6882,62.6002,0.0000,+,74.4898,66.0646,0.0000,-,86.5038,90.5345,0.0176,+,89.1819,86.8465,0.0252,+,82.5942,79.7943,0.9341,,82.9505,82.7313,0.0001,+,87.5276,83.2435,0.0737,,93.9394,91.2031,0.1231,,88.3749,90.4583,0.8137,,92.1440,91.6300,0.6906,,91.0968,90.2857,0.0000,-,84.9323,89.6964
2014_NAT_IMMUNOL_Kurachi___H3K36me3-invitro-d3-CD8,9817,0.0000,+,55.9912,50.7668,0.0000,+,62.1912,45.3202,0.0000,-,67.0004,76.6626,0.2493,,74.1717,72.6440,0.0000,+,74.2012,61.9023,0.1113,,67.4028,64.1410,0.1410,,67.6600,65.4500,0.3521,,75.5892,77.8784,0.0000,-,68.0902,80.3515,0.0334,-,74.1408,79.2952,0.1689,,79.7419,76.3810,0.0000,-,69.2466,76.9111
2014_NAT_IMMUNOL_Kurachi___H3K27me3-invitro-d3-CD8,7713,0.0516,,23.2686,21.7149,0.0878,,27.7121,25.1779,0.0005,+,30.0761,25.5814,0.0436,+,28.5328,25.9074,0.0010,+,25.7511,21.2853,0.8801,,26.8551,27.2247,0.0001,-,26.9316,32.7250,0.9397,,27.6094,27.9431,0.1802,,29.0629,26.4281,0.9979,,25.6956,25.8443,0.1972,,22.4516,25.7143,0.0091,+,26.7510,24.1524
2014_NAT_IMMUNOL_Kurachi___H3K27ac-invitro-d3-CD8,14089,0.0000,+,73.5068,64.3953,0.0000,+,76.6917,69.1297,0.0000,-,90.5086,94.2880,0.5638,,92.0216,92.5075,0.1098,,86.9337,85.1414,0.2158,,86.7491,84.8458,0.0000,+,91.2804,87.1837,0.5508,,95.7912,94.9547,0.7480,,94.0688,94.4758,0.8026,,95.7447,95.3010,0.1124,,95.3548,93.1429,0.0000,-,90.9653,94.6820
2014_NAT_IMMUNOL_Kurachi___cJun-invitro-d3-CD8,3096,0.0824,,17.9919,16.7306,0.0000,+,20.1396,11.6037,0.2438,,24.3092,25.7854,0.6619,,24.0703,24.6587,0.6629,,22.9375,22.3136,0.0069,+,23.5866,18.8546,0.1903,,23.0132,21.2775,0.7703,,24.2424,23.4153,0.0010,-,22.3013,28.5625,0.2999,,27.6596,24.9633,0.0016,+,29.9355,21.9048,0.0000,-,22.6604,26.8779
2014_NAT_IMMUNOL_Kurachi___BATF-invitro-d3-CD8,3239,0.0915,,17.1675,15.9638,0.0137,-,21.3212,24.7947,0.0000,-,19.5435,28.6822,0.0000,+,31.7106,17.8988,0.0000,+,24.6066,17.1208,0.0000,-,22.7032,34.0088,0.0893,,23.1788,20.9457,0.1478,,35.3535,39.3273,0.1428,,23.0130,25.8004,0.0000,-,25.2046,39.3539,0.0000,-,21.4194,38.4762,0.6967,,19.8941,20.2748
2013_PLOS_ONE_Lotem___Runx3_invitro-NAV-CD8,2104,0.0000,-,8.9410,14.2210,0.0000,-,12.9431,18.1719,0.0217,-,15.9391,18.4415,0.0000,+,28.9385,10.9224,0.1602,,14.3062,15.9383,0.0000,-,11.4841,25.7269,0.0000,+,18.5430,11.1572,0.0000,+,33.1650,20.3105,0.0341,+,19.5730,16.0703,0.2789,,21.1129,23.7885,0.0002,-,17.2903,26.0952,0.0881,,15.4208,14.0261
2013_PLOS_ONE_Lotem___Runx3_invitro-Il2-CD8,2698,0.0000,-,12.7519,15.8418,0.0155,-,18.6896,21.9485,0.0333,-,20.9051,23.4598,0.0000,+,32.5896,14.8685,0.7012,,18.4072,17.8920,0.0000,-,18.3746,31.7181,0.0000,+,22.8477,15.2634,0.0000,+,38.8889,28.3312,0.0022,+,25.3855,19.8996,0.3156,,27.9869,30.6902,0.0079,-,23.8710,30.6667,0.4106,,18.6286,17.8817
2013_PLOS_ONE_Lotem___H3K4me1_invitro-NAV-CD8,15785,0.0000,+,74.2763,66.9746,0.0000,+,79.2159,69.9507,0.0280,-,93.0717,94.6144,0.3902,,93.9824,93.3233,0.0619,,87.4583,85.3985,0.9797,,85.9541,86.0793,0.0002,+,93.0464,89.7553,0.0250,+,96.8013,94.0492,0.1612,,93.5943,95.0408,0.1292,,96.2357,94.2731,0.0455,+,96.1290,93.5238,0.0000,-,92.3779,94.9258
2013_PLOS_ONE_Lotem___H3K4me1_invitro-Il2-CD8,3264,0.0000,-,15.4269,20.0767,0.0004,-,21.5360,26.6010,0.0043,-,25.5507,29.2126,0.0000,+,40.3651,18.3650,0.6337,,22.5083,23.1877,0.0000,-,20.7597,40.0881,0.0000,+,28.8631,19.9917,0.0001,+,46.4646,35.7050,0.0062,+,30.3677,25.1099,0.2289,,35.5155,38.9134,0.0000,-,27.8710,39.2381,0.1448,,23.2784,21.8702
2013_IMMUNITY_KIM___Foxo1_naive-CD8-WT,2178,0.0000,-,9.1425,16.0683,0.0000,-,11.9227,18.0624,0.0006,-,16.3797,20.1958,0.0000,+,31.7782,12.3044,0.1803,,16.9766,15.3728,0.0000,-,11.8375,24.1410,0.0000,+,19.4260,12.2356,0.0351,+,26.0943,21.0867,0.8122,,18.6240,18.1419,0.0025,-,18.0033,25.1101,0.0003,-,16.2581,24.5714,0.6660,,16.3626,15.9761
2013_IMMUNITY_KIM___Foxo1_Biotin_naive-CD8-WT,1271,0.0000,-,4.8369,10.2823,0.0000,-,6.8743,11.2206,0.3401,,10.7329,11.6279,0.0000,+,19.8783,7.0763,0.3191,,9.9666,8.9974,0.0000,-,6.5371,15.6828,0.0000,+,12.5276,8.0050,0.0518,,16.8350,12.9366,0.4119,,11.2693,10.1067,0.1065,,11.6203,14.8311,0.0008,-,10.7097,17.3333,0.5529,,10.3590,9.9269
